seq,n_matches
AAA,149890
RAA,75726
NAA,51544
DAA,76910
CAA,13854
QAA,58958
EAA,100561
GAA,84286
HAA,22579
IAA,79181
LAA,144364
KAA,73758
MAA,33023
FAA,43706
PAA,45301
SAA,73270
TAA,82953
WAA,14305
YAA,41066
VAA,105581
ARA,67440
RRA,44431
NRA,26274
DRA,34233
CRA,9240
QRA,32337
ERA,51875
GRA,40442
HRA,15870
IRA,39561
LRA,78694
KRA,37056
MRA,16123
FRA,23705
PRA,28752
SRA,39070
TRA,37301
WRA,10311
YRA,26285
VRA,49552
ANA,41642
RNA,29824
NNA,27706
DNA,32558
CNA,5524
QNA,22249
ENA,36452
GNA,38605
HNA,8996
INA,36140
LNA,51597
KNA,30432
MNA,13230
FNA,23836
PNA,26101
SNA,27466
TNA,27414
WNA,7340
YNA,26160
VNA,42223
ADA,70215
RDA,44706
NDA,25474
DDA,38775
CDA,7433
QDA,23547
EDA,45168
GDA,47858
HDA,14550
IDA,54149
LDA,74447
KDA,45367
MDA,16299
FDA,34635
PDA,36825
SDA,40881
TDA,44607
WDA,12168
YDA,26510
VDA,64473
ACA,12787
RCA,6309
NCA,5706
DCA,7051
CCA,2225
QCA,6684
ECA,7578
GCA,11377
HCA,4718
ICA,9117
LCA,14546
KCA,5994
MCA,5582
FCA,6006
PCA,4605
SCA,7655
TCA,10440
WCA,2726
YCA,3905
VCA,11646
AQA,62437
RQA,41978
NQA,18789
DQA,22838
CQA,6874
QQA,26876
EQA,41667
GQA,37917
HQA,12133
IQA,35811
LQA,63393
KQA,32568
MQA,11541
FQA,17117
PQA,20421
SQA,30560
TQA,29319
WQA,10074
YQA,18216
VQA,44253
AEA,87417
REA,68689
NEA,34030
DEA,60105
CEA,9786
QEA,40881
EEA,86394
GEA,49440
HEA,18113
IEA,52979
LEA,97568
KEA,66830
MEA,20911
FEA,34229
PEA,48110
SEA,48892
TEA,49906
WEA,12415
YEA,25433
VEA,74604
AGA,90222
RGA,37779
NGA,33814
DGA,45862
CGA,12016
QGA,27860
EGA,50645
GGA,70020
HGA,19157
IGA,61932
LGA,87669
KGA,42656
MGA,24492
FGA,45889
PGA,46917
SGA,74151
TGA,60278
WGA,10640
YGA,33444
VGA,64672
AHA,27129
RHA,12875
NHA,8579
DHA,12306
CHA,3525
QHA,11016
EHA,22794
GHA,19360
HHA,9570
IHA,20227
LHA,31802
KHA,17789
MHA,5809
FHA,12024
PHA,12957
SHA,13752
THA,16036
WHA,3368
YHA,12681
VHA,24350
AIA,85193
RIA,48831
NIA,35795
DIA,57226
CIA,8584
QIA,35560
EIA,63507
GIA,64199
HIA,16446
IIA,53581
LIA,77496
KIA,49320
MIA,17702
FIA,29706
PIA,29007
SIA,49668
TIA,45476
WIA,7642
YIA,26556
VIA,62191
ALA,131816
RLA,78617
NLA,53512
DLA,83253
CLA,14078
QLA,61325
ELA,105188
GLA,93522
HLA,33011
ILA,70179
LLA,129532
KLA,76957
MLA,27435
FLA,46259
PLA,63114
SLA,80940
TLA,71592
WLA,16131
YLA,49402
VLA,103240
AKA,78444
RKA,44779
NKA,26020
DKA,41915
CKA,7557
QKA,30603
EKA,66377
GKA,57874
HKA,13446
IKA,50949
LKA,88526
KKA,47235
MKA,19401
FKA,29818
PKA,32697
SKA,47134
TKA,37724
WKA,13758
YKA,23511
VKA,70580
AMA,32721
RMA,16470
NMA,9062
DMA,20087
CMA,2993
QMA,16116
EMA,23916
GMA,23678
HMA,9042
IMA,17910
LMA,30549
KMA,20290
MMA,10558
FMA,9266
PMA,10569
SMA,17650
TMA,13870
WMA,5969
YMA,10805
VMA,22777
AFA,43729
RFA,32113
NFA,22210
DFA,35597
CFA,5127
QFA,18626
EFA,32722
GFA,45108
HFA,11607
IFA,34055
LFA,41348
KFA,26230
MFA,9191
FFA,23121
PFA,23619
SFA,30846
TFA,29014
WFA,6800
YFA,21195
VFA,41657
APA,47684
RPA,25574
NPA,29759
DPA,49195
CPA,8139
QPA,17155
EPA,22583
GPA,34011
HPA,20365
IPA,40103
LPA,63147
KPA,25974
MPA,11881
FPA,29712
PPA,27170
SPA,37990
TPA,39070
WPA,5756
YPA,20270
VPA,49604
ASA,68204
RSA,38121
NSA,34032
DSA,38285
CSA,9123
QSA,27900
ESA,43107
GSA,61745
HSA,16164
ISA,54555
LSA,90629
KSA,38320
MSA,19508
FSA,38985
PSA,33715
SSA,57530
TSA,49865
WSA,11278
YSA,26379
VSA,66071
ATA,62170
RTA,31410
NTA,29973
DTA,53368
CTA,7900
QTA,29029
ETA,47105
GTA,65864
HTA,15582
ITA,48969
LTA,78353
KTA,37423
MTA,18815
FTA,32360
PTA,28635
STA,49040
TTA,52260
WTA,11702
YTA,25359
VTA,67169
AWA,16004
RWA,8669
NWA,10413
DWA,9518
CWA,2532
QWA,5408
EWA,10198
GWA,10784
HWA,3793
IWA,7782
LWA,12730
KWA,9987
MWA,3690
FWA,8631
PWA,7931
SWA,9824
TWA,8561
WWA,3282
YWA,6323
VWA,12884
AYA,37096
RYA,23850
NYA,19297
DYA,23439
CYA,3628
QYA,18526
EYA,32728
GYA,35390
HYA,9763
IYA,24595
LYA,39812
KYA,28474
MYA,11204
FYA,16539
PYA,17269
SYA,26277
TYA,22709
WYA,5961
YYA,16752
VYA,40817
AVA,102291
RVA,57128
NVA,39085
DVA,58074
CVA,11348
QVA,40941
EVA,66360
GVA,73225
HVA,20168
IVA,60116
LVA,89430
KVA,52948
MVA,21356
FVA,34303
PVA,42964
SVA,59708
TVA,63640
WVA,14928
YVA,34198
VVA,79946
AAR,77624
RAR,42045
NAR,23588
DAR,35015
CAR,6408
QAR,31082
EAR,48383
GAR,43627
HAR,16096
IAR,47273
LAR,87673
KAR,39994
MAR,18948
FAR,31346
PAR,26678
SAR,34704
TAR,37383
WAR,10309
YAR,25336
VAR,52429
ARR,50574
RRR,31612
NRR,17998
DRR,22465
CRR,7588
QRR,20025
ERR,33552
GRR,31992
HRR,11769
IRR,36758
LRR,61579
KRR,22167
MRR,12394
FRR,22152
PRR,18694
SRR,26019
TRR,23704
WRR,7151
YRR,18228
VRR,37759
ANR,26104
RNR,17909
NNR,17551
DNR,15851
CNR,3125
QNR,13362
ENR,20428
GNR,20520
HNR,6762
INR,24752
LNR,41204
KNR,18425
MNR,9122
FNR,22404
PNR,15356
SNR,18943
TNR,17326
WNR,9587
YNR,13660
VNR,24246
ADR,39293
RDR,27186
NDR,16068
DDR,21323
CDR,5644
QDR,15399
EDR,25078
GDR,40993
HDR,8382
IDR,33795
LDR,50600
KDR,29900
MDR,11831
FDR,27467
PDR,25193
SDR,25641
TDR,23636
WDR,11463
YDR,20150
VDR,37580
ACR,9285
RCR,6740
NCR,4055
DCR,5238
CCR,3676
QCR,4986
ECR,6448
GCR,7288
HCR,2995
ICR,9861
LCR,11921
KCR,4197
MCR,3631
FCR,4903
PCR,3235
SCR,5408
TCR,7148
WCR,1573
YCR,4893
VCR,8157
AQR,29388
RQR,20188
NQR,13962
DQR,13931
CQR,5470
QQR,21238
EQR,25306
GQR,26071
HQR,9331
IQR,23945
LQR,40556
KQR,20950
MQR,8012
FQR,14904
PQR,12484
SQR,20909
TQR,20269
WQR,7501
YQR,15461
VQR,26536
AER,54598
RER,35636
NER,21723
DER,30271
CER,7123
QER,25495
EER,46066
GER,50882
HER,10726
IER,42014
LER,74142
KER,36363
MER,18642
FER,28357
PER,31896
SER,31424
TER,28269
WER,10858
YER,22221
VER,48455
AGR,44947
RGR,33201
NGR,31517
DGR,51545
CGR,7574
QGR,27967
EGR,42655
GGR,45396
HGR,14032
IGR,43608
LGR,57357
KGR,38546
MGR,15230
FGR,28549
PGR,31869
SGR,47627
TGR,41556
WGR,10202
YGR,22261
VGR,42064
AHR,16971
RHR,10927
NHR,5481
DHR,9321
CHR,3604
QHR,7077
EHR,11661
GHR,13797
HHR,4819
IHR,16196
LHR,27586
KHR,8049
MHR,5379
FHR,9631
PHR,9876
SHR,15175
THR,10628
WHR,3485
YHR,7337
VHR,20024
AIR,45362
RIR,33985
NIR,21838
DIR,34003
CIR,4582
QIR,20771
EIR,42647
GIR,34723
HIR,12460
IIR,34019
LIR,54736
KIR,34788
MIR,12336
FIR,20119
PIR,18391
SIR,29852
TIR,27185
WIR,10248
YIR,14517
VIR,39295
ALR,89755
RLR,60991
NLR,41933
DLR,54351
CLR,12103
QLR,43454
ELR,71224
GLR,61626
HLR,22078
ILR,49757
LLR,93971
KLR,46599
MLR,21845
FLR,38425
PLR,35172
SLR,67058
TLR,58215
WLR,15367
YLR,31843
VLR,61537
AKR,49461
RKR,28178
NKR,23485
DKR,22375
CKR,4993
QKR,19437
EKR,38195
GKR,36140
HKR,8301
IKR,39273
LKR,56654
KKR,27561
MKR,15782
FKR,18805
PKR,18215
SKR,29449
TKR,22770
WKR,7615
YKR,16003
VKR,38261
AMR,20337
RMR,11251
NMR,7699
DMR,9576
CMR,1970
QMR,10411
EMR,14330
GMR,12902
HMR,4130
IMR,12401
LMR,18639
KMR,10265
MMR,5304
FMR,6994
PMR,5669
SMR,12261
TMR,11458
WMR,2721
YMR,9139
VMR,15688
AFR,32012
RFR,22670
NFR,20122
DFR,25259
CFR,5649
QFR,12138
EFR,24345
GFR,26387
HFR,8665
IFR,20839
LFR,35020
KFR,18775
MFR,9909
FFR,16516
PFR,16692
SFR,20379
TFR,22061
WFR,6897
YFR,12994
VFR,27435
APR,25459
RPR,17654
NPR,19553
DPR,36533
CPR,6543
QPR,13525
EPR,22116
GPR,22943
HPR,8722
IPR,21618
LPR,32424
KPR,17728
MPR,5481
FPR,16684
PPR,16017
SPR,22315
TPR,19429
WPR,3827
YPR,16033
VPR,29577
ASR,39517
RSR,25487
NSR,23383
DSR,28445
CSR,5373
QSR,16202
ESR,27383
GSR,38970
HSR,13497
ISR,45316
LSR,60154
KSR,24437
MSR,13544
FSR,27620
PSR,28599
SSR,35151
TSR,28068
WSR,6676
YSR,22381
VSR,43848
ATR,36534
RTR,21902
NTR,14684
DTR,21111
CTR,4881
QTR,18960
ETR,24911
GTR,30025
HTR,7544
ITR,31111
LTR,46793
KTR,28100
MTR,12418
FTR,22241
PTR,17201
STR,24678
TTR,22958
WTR,6263
YTR,17400
VTR,37347
AWR,12868
RWR,6796
NWR,7622
DWR,8016
CWR,1027
QWR,6345
EWR,8073
GWR,8820
HWR,2565
IWR,4461
LWR,9678
KWR,7979
MWR,2594
FWR,6011
PWR,4968
SWR,8539
TWR,7342
WWR,2329
YWR,5246
VWR,7347
AYR,27308
RYR,19911
NYR,18205
DYR,16629
CYR,3692
QYR,13854
EYR,19586
GYR,22398
HYR,10421
IYR,17976
LYR,35282
KYR,20019
MYR,6016
FYR,16368
PYR,15709
SYR,20993
TYR,21917
WYR,7990
YYR,16326
VYR,21544
AVR,64705
RVR,35913
NVR,23079
DVR,32967
CVR,5690
QVR,23695
EVR,44967
GVR,44721
HVR,11294
IVR,39212
LVR,64208
KVR,38164
MVR,14325
FVR,31446
PVR,27573
SVR,36977
TVR,42928
WVR,16482
YVR,18779
VVR,47200
AAN,45885
RAN,19480
NAN,18745
DAN,26068
CAN,4976
QAN,22702
EAN,28835
GAN,34361
HAN,9126
IAN,34463
LAN,50065
KAN,27761
MAN,13221
FAN,24810
PAN,26386
SAN,31988
TAN,30311
WAN,5665
YAN,19816
VAN,35897
ARN,30078
RRN,17252
NRN,16086
DRN,21138
CRN,4791
QRN,15831
ERN,19160
GRN,25237
HRN,6344
IRN,24554
LRN,41744
KRN,17559
MRN,7945
FRN,18333
PRN,14066
SRN,20756
TRN,18688
WRN,9682
YRN,15417
VRN,25355
ANN,25490
RNN,14902
NNN,15570
DNN,12855
CNN,3412
QNN,14563
ENN,20390
GNN,21960
HNN,6969
INN,30875
LNN,40437
KNN,21918
MNN,7106
FNN,18017
PNN,14645
SNN,24991
TNN,20410
WNN,6404
YNN,14750
VNN,30623
ADN,24031
RDN,28871
NDN,16896
DDN,16829
CDN,5568
QDN,11503
EDN,21619
GDN,24299
HDN,9749
IDN,25336
LDN,40333
KDN,23172
MDN,8861
FDN,19909
PDN,21036
SDN,20916
TDN,23245
WDN,6016
YDN,16458
VDN,33844
ACN,4987
RCN,3590
NCN,4377
DCN,2583
CCN,1242
QCN,3295
ECN,4093
GCN,4831
HCN,2045
ICN,7179
LCN,6641
KCN,3894
MCN,1937
FCN,5020
PCN,2337
SCN,3147
TCN,3257
WCN,1017
YCN,3362
VCN,5600
AQN,20824
RQN,15694
NQN,12351
DQN,12214
CQN,2982
QQN,12209
EQN,14239
GQN,18754
HQN,5652
IQN,23083
LQN,36338
KQN,12422
MQN,8736
FQN,15949
PQN,10624
SQN,15644
TQN,14963
WQN,4820
YQN,12413
VQN,20673
AEN,42408
REN,24297
NEN,20562
DEN,32242
CEN,5544
QEN,16363
EEN,30198
GEN,28807
HEN,9331
IEN,35990
LEN,61968
KEN,31758
MEN,16292
FEN,24543
PEN,29696
SEN,25527
TEN,25018
WEN,7692
YEN,20285
VEN,36413
AGN,39177
RGN,19847
NGN,25938
DGN,36375
CGN,6924
QGN,17687
EGN,34897
GGN,38164
HGN,11603
IGN,30472
LGN,48853
KGN,25378
MGN,10983
FGN,24323
PGN,19294
SGN,47736
TGN,32190
WGN,9128
YGN,21340
VGN,33875
AHN,9391
RHN,10943
NHN,8831
DHN,7079
CHN,2878
QHN,4350
EHN,7876
GHN,10272
HHN,4633
IHN,8614
LHN,15574
KHN,10970
MHN,3663
FHN,6049
PHN,7106
SHN,8642
THN,9825
WHN,2383
YHN,7644
VHN,10405
AIN,39536
RIN,20588
NIN,20600
DIN,28704
CIN,5340
QIN,19009
EIN,32215
GIN,36282
HIN,11000
IIN,34761
LIN,49389
KIN,25721
MIN,11177
FIN,26135
PIN,15889
SIN,30840
TIN,31121
WIN,8839
YIN,19035
VIN,38443
ALN,57288
RLN,32065
NLN,32307
DLN,37756
CLN,7382
QLN,31562
ELN,42078
GLN,39015
HLN,14389
ILN,43963
LLN,75061
KLN,49116
MLN,23693
FLN,38519
PLN,24538
SLN,44484
TLN,53749
WLN,10342
YLN,30810
VLN,51563
AKN,36041
RKN,18087
NKN,18678
DKN,32847
CKN,4079
QKN,17306
EKN,34826
GKN,28279
HKN,9293
IKN,33238
LKN,59706
KKN,29395
MKN,11164
FKN,29914
PKN,15751
SKN,28903
TKN,21030
WKN,7746
YKN,19586
VKN,38147
AMN,13733
RMN,8035
NMN,8694
DMN,8328
CMN,1399
QMN,9836
EMN,9547
GMN,17200
HMN,4884
IMN,11682
LMN,15640
KMN,10183
MMN,5142
FMN,6288
PMN,5412
SMN,9543
TMN,8098
WMN,2776
YMN,5290
VMN,11050
AFN,23007
RFN,19205
NFN,23640
DFN,21455
CFN,4118
QFN,14654
EFN,18124
GFN,29481
HFN,8428
IFN,20175
LFN,31960
KFN,20126
MFN,7938
FFN,13129
PFN,14176
SFN,28586
TFN,20694
WFN,4309
YFN,13626
VFN,27045
APN,20882
RPN,15711
NPN,27228
DPN,32730
CPN,4767
QPN,8783
EPN,12995
GPN,23552
HPN,12225
IPN,21604
LPN,32668
KPN,15881
MPN,8820
FPN,17767
PPN,11437
SPN,21298
TPN,17857
WPN,3558
YPN,15556
VPN,17421
ASN,28526
RSN,16972
NSN,22401
DSN,20712
CSN,5104
QSN,15639
ESN,24964
GSN,33975
HSN,9961
ISN,34677
LSN,48858
KSN,30760
MSN,9503
FSN,26464
PSN,26115
SSN,33549
TSN,29962
WSN,8773
YSN,19775
VSN,34124
ATN,34373
RTN,15237
NTN,17376
DTN,17731
CTN,3555
QTN,14420
ETN,17005
GTN,27812
HTN,9167
ITN,33346
LTN,38521
KTN,20910
MTN,10789
FTN,25622
PTN,18654
STN,26930
TTN,23435
WTN,6352
YTN,17787
VTN,34205
AWN,15166
RWN,5543
NWN,4463
DWN,6501
CWN,1096
QWN,4873
EWN,6879
GWN,9083
HWN,3967
IWN,8901
LWN,9326
KWN,6207
MWN,2865
FWN,4282
PWN,10156
SWN,12897
TWN,9690
WWN,3079
YWN,4944
VWN,9018
AYN,17840
RYN,15353
NYN,17691
DYN,22929
CYN,4864
QYN,10611
EYN,15723
GYN,22206
HYN,8387
IYN,22847
LYN,28524
KYN,24826
MYN,6320
FYN,14441
PYN,13658
SYN,17732
TYN,19091
WYN,5843
YYN,14939
VYN,17809
AVN,41725
RVN,24138
NVN,28223
DVN,31836
CVN,6834
QVN,18562
EVN,29946
GVN,38529
HVN,11919
IVN,36598
LVN,48310
KVN,28353
MVN,11718
FVN,27385
PVN,24434
SVN,31191
TVN,34789
WVN,7021
YVN,21211
VVN,44444
AAD,70770
RAD,33022
NAD,31373
DAD,45479
CAD,7587
QAD,19716
EAD,39400
GAD,61486
HAD,14978
IAD,59863
LAD,85455
KAD,41234
MAD,17399
FAD,30301
PAD,38657
SAD,39496
TAD,46136
WAD,10644
YAD,34937
VAD,60097
ARD,40458
RRD,19599
NRD,18151
DRD,31428
CRD,8665
QRD,16556
ERD,34300
GRD,34130
HRD,21446
IRD,35162
LRD,66319
KRD,19053
MRD,12804
FRD,24970
PRD,20500
SRD,35902
TRD,25269
WRD,7708
YRD,20797
VRD,45698
AND,25542
RND,16456
NND,14664
DND,16584
CND,5382
QND,10054
END,19473
GND,23598
HND,7635
IND,28629
LND,48859
KND,22248
MND,10249
FND,21772
PND,17070
SND,20242
TND,18509
WND,8927
YND,14246
VND,30066
ADD,40951
RDD,24114
NDD,18057
DDD,27983
CDD,4587
QDD,14932
EDD,27826
GDD,33516
HDD,8376
IDD,33739
LDD,54100
KDD,27453
MDD,13076
FDD,26139
PDD,33541
SDD,33252
TDD,28033
WDD,9488
YDD,22061
VDD,40862
ACD,11084
RCD,4399
NCD,3172
DCD,5673
CCD,2486
QCD,3404
ECD,5058
GCD,8513
HCD,3667
ICD,8242
LCD,15366
KCD,10731
MCD,3213
FCD,4885
PCD,3532
SCD,7459
TCD,4548
WCD,1585
YCD,6453
VCD,10220
AQD,25398
RQD,14719
NQD,13420
DQD,16423
CQD,3463
QQD,9725
EQD,23939
GQD,21394
HQD,10214
IQD,28444
LQD,51334
KQD,15605
MQD,8087
FQD,15083
PQD,17205
SQD,20926
TQD,23079
WQD,5021
YQD,13700
VQD,24106
AED,52434
RED,30851
NED,27261
DED,34146
CED,5402
QED,19710
EED,38896
GED,36219
HED,11363
IED,42171
LED,79181
KED,35031
MED,13687
FED,31457
PED,46059
SED,43896
TED,32577
WED,8842
YED,26406
VED,47100
AGD,52415
RGD,36959
NGD,32719
DGD,43999
CGD,9365
QGD,23122
EGD,44126
GGD,45569
HGD,19184
IGD,47365
LGD,57349
KGD,39684
MGD,12536
FGD,32586
PGD,41418
SGD,46187
TGD,37749
WGD,8194
YGD,25874
VGD,59681
AHD,11403
RHD,8682
NHD,8185
DHD,9079
CHD,4525
QHD,5397
EHD,9019
GHD,14444
HHD,5069
IHD,13158
LHD,20141
KHD,8157
MHD,3631
FHD,9908
PHD,8243
SHD,10901
THD,10345
WHD,3048
YHD,6576
VHD,15282
AID,43403
RID,26720
NID,35270
DID,41624
CID,7732
QID,24437
EID,41072
GID,50810
HID,16825
IID,40926
LID,57567
KID,35169
MID,17142
FID,28073
PID,23154
SID,35532
TID,33599
WID,7186
YID,21834
VID,50307
ALD,79820
RLD,47477
NLD,40412
DLD,50031
CLD,9468
QLD,28475
ELD,60716
GLD,62021
HLD,20337
ILD,63612
LLD,105818
KLD,48774
MLD,21043
FLD,41498
PLD,39915
SLD,59102
TLD,55882
WLD,16394
YLD,33919
VLD,83521
AKD,40606
RKD,25742
NKD,25853
DKD,35790
CKD,6530
QKD,17883
EKD,44727
GKD,41463
HKD,11821
IKD,41303
LKD,73491
KKD,32345
MKD,17498
FKD,31267
PKD,31497
SKD,44563
TKD,32946
WKD,11245
YKD,23176
VKD,51707
AMD,19743
RMD,8191
NMD,9225
DMD,10034
CMD,2814
QMD,7646
EMD,10191
GMD,18443
HMD,6441
IMD,12763
LMD,22122
KMD,10907
MMD,7452
FMD,9133
PMD,13097
SMD,14120
TMD,12835
WMD,3152
YMD,8232
VMD,14474
AFD,32712
RFD,29358
NFD,19945
DFD,27726
CFD,5984
QFD,12763
EFD,28015
GFD,34674
HFD,15726
IFD,24416
LFD,40908
KFD,24470
MFD,11518
FFD,19698
PFD,24442
SFD,29461
TFD,27019
WFD,6969
YFD,18465
VFD,38309
APD,28950
RPD,27978
NPD,35855
DPD,32217
CPD,5958
QPD,19469
EPD,17703
GPD,24472
HPD,25026
IPD,31991
LPD,58653
KPD,26277
MPD,7916
FPD,23370
PPD,21651
SPD,37094
TPD,34084
WPD,6428
YPD,26591
VPD,33232
ASD,40422
RSD,19779
NSD,20771
DSD,32458
CSD,6619
QSD,17918
ESD,26539
GSD,44462
HSD,15058
ISD,44143
LSD,72673
KSD,24591
MSD,11511
FSD,28867
PSD,38142
SSD,39371
TSD,31139
WSD,9028
YSD,21192
VSD,42622
ATD,35557
RTD,22836
NTD,22860
DTD,24971
CTD,5004
QTD,13633
ETD,23676
GTD,47411
HTD,11442
ITD,44308
LTD,63599
KTD,22948
MTD,12604
FTD,28189
PTD,22220
STD,32594
TTD,31048
WTD,11392
YTD,20370
VTD,41548
AWD,9995
RWD,6195
NWD,7392
DWD,7455
CWD,2463
QWD,5562
EWD,7791
GWD,11630
HWD,2994
IWD,11887
LWD,13857
KWD,10897
MWD,2753
FWD,5589
PWD,5980
SWD,9387
TWD,10397
WWD,2002
YWD,7047
VWD,11756
AYD,24334
RYD,18304
NYD,17719
DYD,24858
CYD,4392
QYD,13163
EYD,20101
GYD,33557
HYD,8677
IYD,27330
LYD,36111
KYD,22844
MYD,7664
FYD,15154
PYD,14140
SYD,22799
TYD,23476
WYD,6090
YYD,17289
VYD,26597
AVD,60685
RVD,34031
NVD,29102
DVD,42482
CVD,8275
QVD,25673
EVD,49346
GVD,56389
HVD,18852
IVD,47339
LVD,79459
KVD,51908
MVD,17922
FVD,38473
PVD,35447
SVD,46880
TVD,44939
WVD,9891
YVD,34011
VVD,62221
AAC,18778
RAC,9009
NAC,9047
DAC,7510
CAC,1732
QAC,5759
EAC,12181
GAC,10663
HAC,3211
IAC,10330
LAC,16483
KAC,9330
MAC,5081
FAC,5855
PAC,4686
SAC,8629
TAC,9211
WAC,1947
YAC,4014
VAC,10578
ARC,6018
RRC,7258
NRC,3135
DRC,5101
CRC,1781
QRC,4514
ERC,8079
GRC,7378
HRC,1882
IRC,4975
LRC,9416
KRC,5057
MRC,1913
FRC,5457
PRC,4015
SRC,4959
TRC,4994
WRC,1868
YRC,4655
VRC,7489
ANC,4521
RNC,5428
NNC,3524
DNC,4651
CNC,1017
QNC,5707
ENC,5564
GNC,4382
HNC,1682
INC,3890
LNC,7062
KNC,7576
MNC,1002
FNC,4220
PNC,4612
SNC,5060
TNC,5477
WNC,991
YNC,2677
VNC,5589
ADC,8724
RDC,7559
NDC,3218
DDC,4902
CDC,2648
QDC,3007
EDC,7072
GDC,6826
HDC,2142
IDC,6412
LDC,9571
KDC,7361
MDC,3029
FDC,5916
PDC,5531
SDC,6658
TDC,3566
WDC,1110
YDC,5051
VDC,6292
ACC,3103
RCC,1292
NCC,952
DCC,1227
CCC,870
QCC,1757
ECC,1100
GCC,2201
HCC,818
ICC,2409
LCC,3408
KCC,2510
MCC,618
FCC,2181
PCC,1240
SCC,3242
TCC,1507
WCC,847
YCC,1566
VCC,1640
AQC,5908
RQC,6067
NQC,2234
DQC,3488
CQC,1552
QQC,3217
EQC,5102
GQC,6554
HQC,1819
IQC,3995
LQC,7021
KQC,3307
MQC,1495
FQC,3028
PQC,2653
SQC,4649
TQC,2819
WQC,885
YQC,5329
VQC,5316
AEC,7228
REC,7382
NEC,4713
DEC,5465
CEC,1234
QEC,4919
EEC,10653
GEC,6515
HEC,2091
IEC,6168
LEC,9978
KEC,6578
MEC,3645
FEC,4264
PEC,5564
SEC,5403
TEC,5909
WEC,1132
YEC,5358
VEC,7864
AGC,11278
RGC,6107
NGC,5276
DGC,5688
CGC,2284
QGC,4970
EGC,11434
GGC,11673
HGC,2868
IGC,11538
LGC,15654
KGC,5926
MGC,3042
FGC,6076
PGC,8731
SGC,8449
TGC,8178
WGC,1926
YGC,4928
VGC,9348
AHC,5308
RHC,2990
NHC,2416
DHC,2980
CHC,940
QHC,1908
EHC,3730
GHC,2985
HHC,1475
IHC,4239
LHC,5369
KHC,4595
MHC,1633
FHC,2425
PHC,2573
SHC,3699
THC,2654
WHC,994
YHC,2446
VHC,4591
AIC,9375
RIC,6713
NIC,6714
DIC,10243
CIC,1618
QIC,4436
EIC,10943
GIC,9227
HIC,4485
IIC,8577
LIC,12962
KIC,7546
MIC,2779
FIC,5926
PIC,5440
SIC,8273
TIC,7697
WIC,1944
YIC,7061
VIC,13064
ALC,17068
RLC,11308
NLC,8441
DLC,10638
CLC,3935
QLC,8637
ELC,14423
GLC,11199
HLC,7341
ILC,10895
LLC,17926
KLC,12084
MLC,3663
FLC,9802
PLC,6993
SLC,10290
TLC,10224
WLC,2454
YLC,6544
VLC,15185
AKC,6139
RKC,6631
NKC,5683
DKC,5384
CKC,1390
QKC,4479
EKC,8913
GKC,6213
HKC,1696
IKC,6420
LKC,9233
KKC,8172
MKC,4020
FKC,4353
PKC,3951
SKC,6178
TKC,3849
WKC,1814
YKC,4000
VKC,8071
AMC,2797
RMC,2565
NMC,1069
DMC,5369
CMC,399
QMC,2207
EMC,3338
GMC,3940
HMC,1691
IMC,2046
LMC,4276
KMC,1603
MMC,1123
FMC,1963
PMC,2761
SMC,1788
TMC,1988
WMC,767
YMC,1332
VMC,3204
AFC,5741
RFC,6113
NFC,5184
DFC,4775
CFC,1352
QFC,4283
EFC,5675
GFC,6443
HFC,2797
IFC,6812
LFC,10476
KFC,3187
MFC,1749
FFC,2881
PFC,3426
SFC,7819
TFC,4730
WFC,1305
YFC,3025
VFC,6200
APC,4130
RPC,2395
NPC,2686
DPC,2192
CPC,942
QPC,2732
EPC,3421
GPC,4908
HPC,2101
IPC,6170
LPC,6346
KPC,4242
MPC,2015
FPC,3063
PPC,2752
SPC,3940
TPC,4889
WPC,692
YPC,1631
VPC,6214
ASC,10205
RSC,5683
NSC,3750
DSC,4513
CSC,2584
QSC,3854
ESC,7152
GSC,11826
HSC,2529
ISC,6597
LSC,14030
KSC,6718
MSC,2769
FSC,4236
PSC,4490
SSC,6486
TSC,5814
WSC,1734
YSC,4218
VSC,9672
ATC,10114
RTC,3717
NTC,3725
DTC,5916
CTC,1559
QTC,2805
ETC,6366
GTC,7807
HTC,1715
ITC,5109
LTC,8900
KTC,6644
MTC,3772
FTC,5900
PTC,3641
STC,5128
TTC,6685
WTC,1045
YTC,2774
VTC,11285
AWC,1515
RWC,2402
NWC,1316
DWC,2465
CWC,518
QWC,1697
EWC,2110
GWC,2277
HWC,362
IWC,2103
LWC,2382
KWC,1226
MWC,268
FWC,724
PWC,1332
SWC,2013
TWC,1176
WWC,463
YWC,667
VWC,1954
AYC,6838
RYC,4133
NYC,3055
DYC,5002
CYC,1042
QYC,2457
EYC,5356
GYC,6462
HYC,2276
IYC,4582
LYC,8086
KYC,5135
MYC,1158
FYC,2552
PYC,2959
SYC,4669
TYC,5765
WYC,974
YYC,4588
VYC,9132
AVC,15392
RVC,8598
NVC,4792
DVC,7408
CVC,2700
QVC,5125
EVC,7572
GVC,12988
HVC,2874
IVC,8421
LVC,14257
KVC,8533
MVC,3167
FVC,7087
PVC,6548
SVC,7750
TVC,7392
WVC,1900
YVC,4160
VVC,12533
AAQ,53338
RAQ,26047
NAQ,23305
DAQ,28126
CAQ,6703
QAQ,23026
EAQ,35991
GAQ,29304
HAQ,9570
IAQ,43740
LAQ,58592
KAQ,27660
MAQ,11514
FAQ,22606
PAQ,22821
SAQ,31879
TAQ,26111
WAQ,7131
YAQ,17897
VAQ,39701
ARQ,35318
RRQ,16060
NRQ,15159
DRQ,16388
CRQ,5839
QRQ,14876
ERQ,25033
GRQ,18854
HRQ,7893
IRQ,28433
LRQ,45214
KRQ,19920
MRQ,8218
FRQ,18906
PRQ,9362
SRQ,17836
TRQ,16378
WRQ,5452
YRQ,19195
VRQ,45137
ANQ,21282
RNQ,11415
NNQ,13525
DNQ,13195
CNQ,1961
QNQ,11589
ENQ,19219
GNQ,14144
HNQ,4831
INQ,20239
LNQ,25931
KNQ,16975
MNQ,4926
FNQ,15011
PNQ,10620
SNQ,16831
TNQ,15000
WNQ,3200
YNQ,15002
VNQ,25331
ADQ,27023
RDQ,17814
NDQ,12220
DDQ,13540
CDQ,2557
QDQ,9436
EDQ,20852
GDQ,19128
HDQ,5365
IDQ,23879
LDQ,35439
KDQ,18063
MDQ,7812
FDQ,13779
PDQ,19717
SDQ,14007
TDQ,17070
WDQ,5578
YDQ,15154
VDQ,24838
ACQ,6975
RCQ,4397
NCQ,2382
DCQ,3324
CCQ,1321
QCQ,3840
ECQ,4465
GCQ,4316
HCQ,2096
ICQ,5407
LCQ,9094
KCQ,3961
MCQ,1979
FCQ,4473
PCQ,1719
SCQ,4902
TCQ,3672
WCQ,1158
YCQ,3567
VCQ,5061
AQQ,25010
RQQ,17367
NQQ,11097
DQQ,17025
CQQ,3663
QQQ,19960
EQQ,18019
GQQ,15775
HQQ,5854
IQQ,19254
LQQ,39650
KQQ,14741
MQQ,8592
FQQ,18240
PQQ,14355
SQQ,17149
TQQ,20730
WQQ,5442
YQQ,21578
VQQ,20514
AEQ,42751
REQ,25650
NEQ,20492
DEQ,27651
CEQ,4217
QEQ,20848
EEQ,33261
GEQ,22476
HEQ,9039
IEQ,33590
LEQ,47766
KEQ,28270
MEQ,13234
FEQ,19096
PEQ,26822
SEQ,27078
TEQ,23644
WEQ,6524
YEQ,14661
VEQ,37425
AGQ,35196
RGQ,21997
NGQ,24089
DGQ,33985
CGQ,4995
QGQ,24543
EGQ,25065
GGQ,31108
HGQ,9064
IGQ,21966
LGQ,45563
KGQ,24686
MGQ,9624
FGQ,22371
PGQ,38770
SGQ,33399
TGQ,29241
WGQ,17739
YGQ,13996
VGQ,27459
AHQ,10434
RHQ,8479
NHQ,5274
DHQ,5886
CHQ,2603
QHQ,6349
EHQ,8443
GHQ,9604
HHQ,6853
IHQ,11294
LHQ,17974
KHQ,6455
MHQ,3212
FHQ,9448
PHQ,6726
SHQ,6623
THQ,12244
WHQ,1774
YHQ,8185
VHQ,12008
AIQ,33556
RIQ,25844
NIQ,25237
DIQ,27293
CIQ,5984
QIQ,17625
EIQ,27418
GIQ,28334
HIQ,10630
IIQ,20763
LIQ,36091
KIQ,32650
MIQ,9352
FIQ,16105
PIQ,14048
SIQ,21171
TIQ,20330
WIQ,5798
YIQ,14639
VIQ,25049
ALQ,64607
RLQ,39897
NLQ,30741
DLQ,31602
CLQ,8717
QLQ,36096
ELQ,49654
GLQ,37820
HLQ,17153
ILQ,39729
LLQ,81125
KLQ,46736
MLQ,18651
FLQ,32375
PLQ,27961
SLQ,48196
TLQ,45893
WLQ,9502
YLQ,35413
VLQ,50871
AKQ,28604
RKQ,19623
NKQ,14002
DKQ,15245
CKQ,3597
QKQ,14446
EKQ,26011
GKQ,29585
HKQ,6903
IKQ,29452
LKQ,46982
KKQ,22237
MKQ,11223
FKQ,17340
PKQ,12139
SKQ,20405
TKQ,20476
WKQ,6195
YKQ,13395
VKQ,36997
AMQ,16265
RMQ,7964
NMQ,4591
DMQ,6767
CMQ,1788
QMQ,7449
EMQ,8450
GMQ,9635
HMQ,3700
IMQ,9683
LMQ,13742
KMQ,7148
MMQ,4755
FMQ,5731
PMQ,5016
SMQ,9477
TMQ,7570
WMQ,1658
YMQ,4260
VMQ,9451
AFQ,21069
RFQ,16563
NFQ,11852
DFQ,18225
CFQ,2649
QFQ,10085
EFQ,20447
GFQ,20718
HFQ,6669
IFQ,16883
LFQ,28244
KFQ,14239
MFQ,4650
FFQ,11697
PFQ,17192
SFQ,17862
TFQ,18559
WFQ,4999
YFQ,13322
VFQ,22013
APQ,17637
RPQ,12990
NPQ,18064
DPQ,24646
CPQ,2709
QPQ,9516
EPQ,14299
GPQ,15149
HPQ,8442
IPQ,18439
LPQ,32670
KPQ,15136
MPQ,8103
FPQ,16621
PPQ,13631
SPQ,18620
TPQ,21266
WPQ,3584
YPQ,9698
VPQ,20737
ASQ,38487
RSQ,16040
NSQ,19991
DSQ,21222
CSQ,4598
QSQ,12421
ESQ,20110
GSQ,27363
HSQ,11170
ISQ,28824
LSQ,51719
KSQ,16439
MSQ,8450
FSQ,22132
PSQ,21411
SSQ,26173
TSQ,21860
WSQ,5722
YSQ,14698
VSQ,32717
ATQ,26322
RTQ,14787
NTQ,18615
DTQ,13920
CTQ,3893
QTQ,12494
ETQ,19622
GTQ,30867
HTQ,7220
ITQ,22347
LTQ,49472
KTQ,17563
MTQ,15371
FTQ,15130
PTQ,14959
STQ,23559
TTQ,18444
WTQ,6561
YTQ,14300
VTQ,38021
AWQ,7094
RWQ,5027
NWQ,4710
DWQ,6347
CWQ,1243
QWQ,4733
EWQ,6029
GWQ,6574
HWQ,2089
IWQ,4606
LWQ,7799
KWQ,4893
MWQ,2580
FWQ,4565
PWQ,5800
SWQ,5782
TWQ,6884
WWQ,1182
YWQ,4259
VWQ,6280
AYQ,17194
RYQ,13987
NYQ,10806
DYQ,14220
CYQ,2136
QYQ,10691
EYQ,14299
GYQ,20913
HYQ,6249
IYQ,22468
LYQ,30417
KYQ,12555
MYQ,6264
FYQ,11377
PYQ,9100
SYQ,15007
TYQ,16018
WYQ,16606
YYQ,10157
VYQ,18792
AVQ,37110
RVQ,22984
NVQ,21784
DVQ,27165
CVQ,6463
QVQ,21981
EVQ,35381
GVQ,30247
HVQ,10435
IVQ,22006
LVQ,53347
KVQ,28393
MVQ,13305
FVQ,20558
PVQ,20847
SVQ,24992
TVQ,31060
WVQ,6573
YVQ,14068
VVQ,30436
AAE,87282
RAE,44418
NAE,29786
DAE,47336
CAE,8449
QAE,35480
EAE,72450
GAE,56089
HAE,20982
IAE,66025
LAE,110702
KAE,43685
MAE,23643
FAE,38313
PAE,37172
SAE,47629
TAE,51459
WAE,10632
YAE,27830
VAE,70848
ARE,57278
RRE,32003
NRE,23578
DRE,28855
CRE,7745
QRE,19391
ERE,44312
GRE,36486
HRE,11091
IRE,48385
LRE,88233
KRE,28045
MRE,17034
FRE,28620
PRE,28979
SRE,34813
TRE,34213
WRE,7789
YRE,27013
VRE,53844
ANE,24465
RNE,20280
NNE,18859
DNE,23797
CNE,4905
QNE,13975
ENE,29892
GNE,29660
HNE,6768
INE,35414
LNE,56086
KNE,23504
MNE,10042
FNE,22436
PNE,17561
SNE,20385
TNE,22152
WNE,7421
YNE,21697
VNE,31569
ADE,42136
RDE,29720
NDE,23161
DDE,33191
CDE,8151
QDE,17574
EDE,43471
GDE,41873
HDE,11868
IDE,47810
LDE,71858
KDE,36751
MDE,17651
FDE,36785
PDE,31438
SDE,41643
TDE,41931
WDE,10187
YDE,23938
VDE,55681
ACE,9485
RCE,5336
NCE,3340
DCE,5641
CCE,2030
QCE,2905
ECE,5087
GCE,6956
HCE,3965
ICE,8083
LCE,13546
KCE,5078
MCE,3375
FCE,5110
PCE,2241
SCE,5358
TCE,4685
WCE,1615
YCE,4629
VCE,10145
AQE,34013
RQE,20130
NQE,13417
DQE,20437
CQE,5544
QQE,18703
EQE,27492
GQE,26404
HQE,8804
IQE,28655
LQE,66102
KQE,23692
MQE,10520
FQE,20207
PQE,22601
SQE,30591
TQE,25963
WQE,7406
YQE,17195
VQE,30733
AEE,65509
REE,41583
NEE,32534
DEE,51912
CEE,8555
QEE,31422
EEE,68159
GEE,52936
HEE,13876
IEE,58586
LEE,106863
KEE,49224
MEE,22544
FEE,42030
PEE,55095
SEE,55360
TEE,55369
WEE,10518
YEE,31687
VEE,69028
AGE,55548
RGE,40965
NGE,36219
DGE,46229
CGE,8520
QGE,22140
EGE,53143
GGE,44097
HGE,13558
IGE,44516
LGE,67923
KGE,52390
MGE,16875
FGE,38524
PGE,41184
SGE,48567
TGE,56373
WGE,10154
YGE,23463
VGE,54376
AHE,16335
RHE,10149
NHE,9743
DHE,11463
CHE,3176
QHE,8748
EHE,11068
GHE,15692
HHE,6980
IHE,15140
LHE,24482
KHE,9821
MHE,5466
FHE,10498
PHE,8445
SHE,12707
THE,15166
WHE,2868
YHE,9410
VHE,15736
AIE,52228
RIE,35650
NIE,29781
DIE,41423
CIE,8240
QIE,27977
EIE,46725
GIE,39547
HIE,16794
IIE,39418
LIE,67184
KIE,42978
MIE,14552
FIE,32462
PIE,27164
SIE,39622
TIE,43834
WIE,9762
YIE,21116
VIE,50489
ALE,112326
RLE,58333
NLE,45222
DLE,66433
CLE,13295
QLE,51293
ELE,82389
GLE,70290
HLE,26669
ILE,69670
LLE,125237
KLE,64959
MLE,25067
FLE,55537
PLE,39445
SLE,67174
TLE,77396
WLE,15769
YLE,43811
VLE,87885
AKE,62019
RKE,33925
NKE,29572
DKE,39768
CKE,8809
QKE,32383
EKE,53827
GKE,54460
HKE,12774
IKE,57002
LKE,115326
KKE,39788
MKE,24097
FKE,32031
PKE,31356
SKE,38952
TKE,46645
WKE,11355
YKE,23256
VKE,58085
AME,24713
RME,12626
NME,9138
DME,15000
CME,2510
QME,8564
EME,20925
GME,20061
HME,8698
IME,16966
LME,25989
KME,11960
MME,6799
FME,9838
PME,8067
SME,14448
TME,15436
WME,4356
YME,10606
VME,20947
AFE,31190
RFE,23086
NFE,20974
DFE,29380
CFE,6701
QFE,15169
EFE,29334
GFE,28540
HFE,10717
IFE,27301
LFE,43955
KFE,28458
MFE,11266
FFE,19170
PFE,22546
SFE,36539
TFE,31394
WFE,5424
YFE,16270
VFE,32996
APE,45340
RPE,29395
NPE,31066
DPE,45068
CPE,8001
QPE,24017
EPE,28575
GPE,33347
HPE,21812
IPE,39000
LPE,64140
KPE,36185
MPE,11314
FPE,36005
PPE,36474
SPE,47906
TPE,53285
WPE,7639
YPE,21107
VPE,40544
ASE,43852
RSE,27004
NSE,20795
DSE,35435
CSE,8458
QSE,19505
ESE,36848
GSE,40268
HSE,11337
ISE,43737
LSE,79578
KSE,28415
MSE,19095
FSE,31678
PSE,30031
SSE,42656
TSE,33856
WSE,9355
YSE,22005
VSE,47834
ATE,43088
RTE,21041
NTE,21672
DTE,29328
CTE,7374
QTE,18940
ETE,28795
GTE,34424
HTE,10748
ITE,38932
LTE,80308
KTE,26173
MTE,15651
FTE,29467
PTE,30665
STE,41539
TTE,34899
WTE,8193
YTE,23186
VTE,55410
AWE,11432
RWE,8632
NWE,7556
DWE,11590
CWE,2745
QWE,6725
EWE,10682
GWE,11891
HWE,2974
IWE,7401
LWE,13036
KWE,12187
MWE,3809
FWE,10347
PWE,6218
SWE,9370
TWE,14876
WWE,3181
YWE,4825
VWE,8705
AYE,23671
RYE,20408
NYE,23052
DYE,29821
CYE,3969
QYE,12338
EYE,22282
GYE,25983
HYE,8793
IYE,23268
LYE,37651
KYE,19432
MYE,7359
FYE,18142
PYE,15578
SYE,24809
TYE,20559
WYE,4752
YYE,14074
VYE,25782
AVE,77940
RVE,44254
NVE,31044
DVE,41958
CVE,8391
QVE,37623
EVE,65040
GVE,56949
HVE,15133
IVE,56693
LVE,89613
KVE,57803
MVE,21801
FVE,36066
PVE,34385
SVE,48543
TVE,56726
WVE,9677
YVE,22980
VVE,63415
AAG,100939
RAG,52394
NAG,35977
DAG,46325
CAG,10466
QAG,49284
EAG,64760
GAG,88139
HAG,22839
IAG,65524
LAG,96115
KAG,57996
MAG,20001
FAG,42347
PAG,46369
SAG,59893
TAG,52551
WAG,10241
YAG,28734
VAG,75803
ARG,47963
RRG,34507
NRG,20751
DRG,25122
CRG,7057
QRG,21931
ERG,41306
GRG,45679
HRG,13125
IRG,43659
LRG,64381
KRG,31053
MRG,11635
FRG,22162
PRG,32490
SRG,34328
TRG,28470
WRG,8994
YRG,23894
VRG,44575
ANG,41647
RNG,26884
NNG,23111
DNG,31033
CNG,5320
QNG,25156
ENG,51072
GNG,39632
HNG,12928
ING,42444
LNG,50514
KNG,40797
MNG,12240
FNG,31657
PNG,29908
SNG,35580
TNG,29808
WNG,9946
YNG,21272
VNG,48784
ADG,63405
RDG,42000
NDG,27807
DDG,33509
CDG,6036
QDG,25092
EDG,59373
GDG,62821
HDG,15837
IDG,54496
LDG,64615
KDG,57548
MDG,15507
FDG,32464
PDG,57405
SDG,45579
TDG,37339
WDG,12165
YDG,26584
VDG,60174
ACG,15289
RCG,6983
NCG,6555
DCG,9063
CCG,1974
QCG,7038
ECG,8379
GCG,14032
HCG,4397
ICG,13479
LCG,14470
KCG,9178
MCG,3530
FCG,5744
PCG,4361
SCG,10712
TCG,10543
WCG,2260
YCG,5980
VCG,13185
AQG,35584
RQG,26493
NQG,15542
DQG,18016
CQG,4633
QQG,18447
EQG,27753
GQG,46730
HQG,15948
IQG,23704
LQG,44705
KQG,26424
MQG,8374
FQG,22255
PQG,26060
SQG,27771
TQG,22157
WQG,6875
YQG,18265
VQG,25998
AEG,53316
REG,45757
NEG,20997
DEG,30273
CEG,4996
QEG,26133
EEG,58195
GEG,51815
HEG,16734
IEG,44760
LEG,71062
KEG,58177
MEG,15410
FEG,31302
PEG,50065
SEG,37091
TEG,36638
WEG,11659
YEG,25592
VEG,66471
AGG,73494
RGG,45610
NGG,35103
DGG,41031
CGG,12036
QGG,27502
EGG,42887
GGG,98108
HGG,23400
IGG,66816
LGG,80206
KGG,37679
MGG,19349
FGG,60462
PGG,53767
SGG,83801
TGG,48916
WGG,11691
YGG,31969
VGG,76640
AHG,25282
RHG,20472
NHG,8611
DHG,12673
CHG,4195
QHG,10973
EHG,23026
GHG,20673
HHG,7249
IHG,15108
LHG,25585
KHG,18667
MHG,6030
FHG,13026
PHG,14697
SHG,16424
THG,15108
WHG,3563
YHG,11316
VHG,20782
AIG,63762
RIG,38549
NIG,24732
DIG,34820
CIG,8923
QIG,29713
EIG,40399
GIG,60857
HIG,15840
IIG,51275
LIG,63562
KIG,38245
MIG,17813
FIG,28345
PIG,30475
SIG,40652
TIG,43019
WIG,14186
YIG,22372
VIG,65272
ALG,104941
RLG,57713
NLG,39313
DLG,62123
CLG,13196
QLG,41509
ELG,75942
GLG,71246
HLG,24623
ILG,72468
LLG,107057
KLG,61156
MLG,24323
FLG,43082
PLG,48418
SLG,85239
TLG,64117
WLG,16148
YLG,34957
VLG,82223
AKG,47579
RKG,35376
NKG,26706
DKG,26786
CKG,5910
QKG,20821
EKG,55485
GKG,60340
HKG,11103
IKG,38487
LKG,66727
KKG,43295
MKG,15355
FKG,27409
PKG,30294
SKG,40187
TKG,34606
WKG,11320
YKG,25170
VKG,56482
AMG,25341
RMG,13711
NMG,9756
DMG,15325
CMG,3266
QMG,9378
EMG,16690
GMG,22825
HMG,7614
IMG,14973
LMG,22681
KMG,14800
MMG,8108
FMG,8681
PMG,11263
SMG,18221
TMG,10853
WMG,7139
YMG,9250
VMG,20485
AFG,40361
RFG,34185
NFG,21331
DFG,36439
CFG,5072
QFG,22378
EFG,27170
GFG,48956
HFG,14398
IFG,35831
LFG,44955
KFG,27457
MFG,10974
FFG,21833
PFG,32994
SFG,38359
TFG,37954
WFG,6636
YFG,21338
VFG,40672
APG,61915
RPG,39413
NPG,22041
DPG,19322
CPG,7012
QPG,31611
EPG,33124
GPG,42771
HPG,17733
IPG,36480
LPG,56186
KPG,49861
MPG,15440
FPG,27898
PPG,38506
SPG,33915
TPG,36948
WPG,6875
YPG,30519
VPG,46103
ASG,85180
RSG,41826
NSG,38129
DSG,46020
CSG,10133
QSG,38974
ESG,59880
GSG,106982
HSG,18690
ISG,53192
LSG,80077
KSG,49747
MSG,17667
FSG,47057
PSG,54344
SSG,145710
TSG,59195
WSG,13398
YSG,34877
VSG,70309
ATG,72924
RTG,37953
NTG,24732
DTG,37145
CTG,8443
QTG,30913
ETG,45873
GTG,64076
HTG,18771
ITG,53399
LTG,82794
KTG,40184
MTG,14180
FTG,37208
PTG,36522
STG,50745
TTG,42998
WTG,10727
YTG,28676
VTG,60260
AWG,13083
RWG,8090
NWG,8518
DWG,8493
CWG,1242
QWG,5586
EWG,8547
GWG,15729
HWG,7778
IWG,9571
LWG,12778
KWG,6826
MWG,2924
FWG,7136
PWG,7756
SWG,12940
TWG,6651
WWG,2358
YWG,13923
VWG,13216
AYG,30381
RYG,21706
NYG,18633
DYG,22891
CYG,4483
QYG,20464
EYG,27687
GYG,38039
HYG,11007
IYG,28600
LYG,40034
KYG,35121
MYG,8660
FYG,19875
PYG,19806
SYG,32824
TYG,26734
WYG,6987
YYG,16714
VYG,28606
AVG,69825
RVG,40020
NVG,29894
DVG,38913
CVG,10503
QVG,25147
EVG,43689
GVG,67025
HVG,17191
IVG,55521
LVG,78873
KVG,48790
MVG,21369
FVG,32696
PVG,39101
SVG,54858
TVG,50220
WVG,9454
YVG,33244
VVG,69172
AAH,31572
RAH,13546
NAH,10137
DAH,15027
CAH,3537
QAH,11895
EAH,17018
GAH,24401
HAH,9317
IAH,17746
LAH,35283
KAH,19933
MAH,8508
FAH,9899
PAH,13480
SAH,13510
TAH,14508
WAH,5067
YAH,7387
VAH,26707
ARH,15994
RRH,10941
NRH,7803
DRH,11240
CRH,3488
QRH,7140
ERH,15178
GRH,15128
HRH,5243
IRH,13801
LRH,24822
KRH,11806
MRH,4875
FRH,10560
PRH,16229
SRH,12968
TRH,10589
WRH,3911
YRH,8270
VRH,12628
ANH,10230
RNH,8023
NNH,6440
DNH,7504
CNH,3690
QNH,6340
ENH,10364
GNH,11230
HNH,4310
INH,8978
LNH,19241
KNH,8056
MNH,3462
FNH,8710
PNH,6732
SNH,10326
TNH,7749
WNH,1850
YNH,5496
VNH,19040
ADH,12808
RDH,11274
NDH,6304
DDH,9582
CDH,1783
QDH,8367
EDH,13220
GDH,17056
HDH,4946
IDH,15798
LDH,21615
KDH,10249
MDH,4489
FDH,10977
PDH,12371
SDH,12167
TDH,9722
WDH,2499
YDH,8012
VDH,16340
ACH,5374
RCH,2865
NCH,1631
DCH,2989
CCH,855
QCH,2098
ECH,3535
GCH,3457
HCH,3176
ICH,4974
LCH,6806
KCH,2182
MCH,969
FCH,3536
PCH,1932
SCH,3496
TCH,3082
WCH,432
YCH,2466
VCH,3999
AQH,11003
RQH,8975
NQH,9375
DQH,5414
CQH,2214
QQH,9102
EQH,9224
GQH,9288
HQH,4162
IQH,10331
LQH,15929
KQH,9545
MQH,4771
FQH,6519
PQH,7874
SQH,7172
TQH,6674
WQH,2994
YQH,5247
VQH,11896
AEH,20165
REH,17763
NEH,7015
DEH,13821
CEH,2602
QEH,7970
EEH,18801
GEH,14699
HEH,7214
IEH,15159
LEH,35596
KEH,13591
MEH,7359
FEH,11762
PEH,15625
SEH,13027
TEH,13376
WEH,2659
YEH,7768
VEH,21656
AGH,26637
RGH,13684
NGH,13374
DGH,14641
CGH,6106
QGH,9677
EGH,17414
GGH,20270
HGH,8303
IGH,18194
LGH,26124
KGH,15283
MGH,8830
FGH,12732
PGH,15604
SGH,18375
TGH,17616
WGH,3174
YGH,8504
VGH,17060
AHH,9547
RHH,5629
NHH,5330
DHH,6979
CHH,1758
QHH,4437
EHH,15939
GHH,10035
HHH,69448
IHH,9812
LHH,11069
KHH,5114
MHH,5450
FHH,5210
PHH,4887
SHH,8798
THH,8339
WHH,3701
YHH,4567
VHH,9811
AIH,19694
RIH,16336
NIH,11526
DIH,13506
CIH,3161
QIH,8437
EIH,13144
GIH,20524
HIH,7781
IIH,15359
LIH,21470
KIH,13115
MIH,5856
FIH,10812
PIH,11497
SIH,14694
TIH,12934
WIH,3790
YIH,11235
VIH,17604
ALH,33339
RLH,21357
NLH,14742
DLH,20658
CLH,5415
QLH,14820
ELH,28851
GLH,21126
HLH,12127
ILH,22044
LLH,38400
KLH,22225
MLH,7196
FLH,22273
PLH,18260
SLH,22322
TLH,26552
WLH,6496
YLH,15821
VLH,30426
AKH,20191
RKH,12590
NKH,8956
DKH,12103
CKH,2574
QKH,8111
EKH,19411
GKH,18945
HKH,3281
IKH,14258
LKH,26305
KKH,15196
MKH,7649
FKH,8505
PKH,8164
SKH,13441
TKH,10867
WKH,4792
YKH,6711
VKH,13791
AMH,7980
RMH,4976
NMH,2739
DMH,3219
CMH,1000
QMH,3978
EMH,4764
GMH,6421
HMH,2550
IMH,5256
LMH,8143
KMH,3534
MMH,1983
FMH,3216
PMH,2734
SMH,3622
TMH,3066
WMH,1976
YMH,6023
VMH,4681
AFH,12295
RFH,8703
NFH,7252
DFH,10144
CFH,2123
QFH,7896
EFH,9394
GFH,14500
HFH,7460
IFH,9100
LFH,16607
KFH,8811
MFH,2769
FFH,7528
PFH,9249
SFH,8684
TFH,9543
WFH,5924
YFH,6038
VFH,15603
APH,15190
RPH,7776
NPH,11198
DPH,11918
CPH,2890
QPH,6841
EPH,7792
GPH,12608
HPH,5535
IPH,12011
LPH,18871
KPH,8137
MPH,3770
FPH,7770
PPH,9786
SPH,9622
TPH,11025
WPH,2091
YPH,7717
VPH,12119
ASH,16933
RSH,9804
NSH,10029
DSH,9836
CSH,3688
QSH,12530
ESH,11779
GSH,28909
HSH,7462
ISH,15160
LSH,27269
KSH,11506
MSH,4640
FSH,13814
PSH,10454
SSH,14167
TSH,11242
WSH,3831
YSH,8475
VSH,15388
ATH,16855
RTH,11113
NTH,8920
DTH,10368
CTH,3613
QTH,7606
ETH,14403
GTH,17504
HTH,4322
ITH,16103
LTH,24172
KTH,13203
MTH,7127
FTH,8089
PTH,8885
STH,11911
TTH,12859
WTH,3964
YTH,9451
VTH,26452
AWH,4944
RWH,2462
NWH,2458
DWH,3187
CWH,1450
QWH,2214
EWH,4212
GWH,3229
HWH,3376
IWH,4464
LWH,4782
KWH,2384
MWH,1256
FWH,2057
PWH,3260
SWH,4024
TWH,3192
WWH,884
YWH,2320
VWH,3958
AYH,10028
RYH,6652
NYH,7486
DYH,7344
CYH,1294
QYH,5994
EYH,8560
GYH,16115
HYH,4478
IYH,9205
LYH,12326
KYH,9493
MYH,2608
FYH,7070
PYH,7983
SYH,8284
TYH,8488
WYH,3253
YYH,6949
VYH,9384
AVH,21435
RVH,15990
NVH,9884
DVH,13419
CVH,3217
QVH,11168
EVH,20016
GVH,27609
HVH,8130
IVH,18775
LVH,26773
KVH,13712
MVH,8124
FVH,14074
PVH,15953
SVH,15206
TVH,14173
WVH,3468
YVH,9071
VVH,20183
AAI,74323
RAI,44003
NAI,36707
DAI,52117
CAI,7987
QAI,37303
EAI,70855
GAI,56758
HAI,20091
IAI,41904
LAI,56377
KAI,58701
MAI,14746
FAI,27678
PAI,36637
SAI,48568
TAI,45474
WAI,8396
YAI,23655
VAI,56258
ARI,46881
RRI,36776
NRI,25179
DRI,37064
CRI,6055
QRI,27517
ERI,52079
GRI,50564
HRI,14092
IRI,27051
LRI,44679
KRI,48648
MRI,11104
FRI,17651
PRI,19538
SRI,34536
TRI,27617
WRI,4528
YRI,19036
VRI,36773
ANI,31230
RNI,26373
NNI,24874
DNI,32277
CNI,4710
QNI,16910
ENI,39048
GNI,38468
HNI,13015
INI,27107
LNI,36715
KNI,37167
MNI,11802
FNI,20698
PNI,27249
SNI,35366
TNI,22446
WNI,7310
YNI,23132
VNI,31488
ADI,57375
RDI,41156
NDI,34637
DDI,39229
CDI,11005
QDI,29361
EDI,50066
GDI,48130
HDI,11605
IDI,34548
LDI,56232
KDI,47527
MDI,12439
FDI,26664
PDI,28338
SDI,44371
TDI,27771
WDI,8269
YDI,25133
VDI,50067
ACI,8010
RCI,6804
NCI,5470
DCI,5968
CCI,1924
QCI,2964
ECI,8422
GCI,11602
HCI,3803
ICI,8479
LCI,9476
KCI,6019
MCI,2694
FCI,5224
PCI,4367
SCI,6540
TCI,5063
WCI,1419
YCI,5729
VCI,6673
AQI,32597
RQI,29045
NQI,20636
DQI,26050
CQI,3667
QQI,18618
EQI,36246
GQI,30894
HQI,7507
IQI,15147
LQI,34418
KQI,29530
MQI,11391
FQI,14306
PQI,19565
SQI,29213
TQI,24555
WQI,3781
YQI,14553
VQI,27520
AEI,65738
REI,50794
NEI,27723
DEI,46540
CEI,6019
QEI,31801
EEI,71633
GEI,50045
HEI,12645
IEI,37900
LEI,62188
KEI,61109
MEI,13255
FEI,24461
PEI,36544
SEI,37926
TEI,39753
WEI,8015
YEI,21451
VEI,52377
AGI,73271
RGI,40068
NGI,39207
DGI,43987
CGI,9795
QGI,26737
EGI,50047
GGI,54129
HGI,22009
IGI,49703
LGI,77293
KGI,45896
MGI,17904
FGI,28413
PGI,31771
SGI,50077
TGI,54553
WGI,8033
YGI,28205
VGI,42399
AHI,16668
RHI,15294
NHI,12422
DHI,17013
CHI,3494
QHI,12112
EHI,15790
GHI,18759
HHI,7115
IHI,12326
LHI,20144
KHI,17034
MHI,4047
FHI,8393
PHI,12873
SHI,14606
THI,11766
WHI,2842
YHI,7199
VHI,14052
AII,50113
RII,37067
NII,39151
DII,45419
CII,8351
QII,27216
EII,51258
GII,47356
HII,12971
III,24713
LII,42738
KII,48544
MII,11664
FII,19826
PII,24418
SII,39125
TII,29660
WII,5584
YII,16115
VII,33310
ALI,62520
RLI,60126
NLI,38541
DLI,61943
CLI,10580
QLI,43624
ELI,70581
GLI,63352
HLI,20625
ILI,40516
LLI,84231
KLI,63630
MLI,15710
FLI,30039
PLI,35277
SLI,60213
TLI,50027
WLI,9614
YLI,27960
VLI,50438
AKI,46865
RKI,32999
NKI,32629
DKI,42370
CKI,5904
QKI,27585
EKI,65550
GKI,58902
HKI,12303
IKI,32989
LKI,51018
KKI,60055
MKI,16646
FKI,22496
PKI,25215
SKI,42344
TKI,29782
WKI,8181
YKI,17770
VKI,42199
AMI,13809
RMI,10517
NMI,8999
DMI,13889
CMI,1973
QMI,7508
EMI,23083
GMI,15667
HMI,5671
IMI,10528
LMI,14398
KMI,16907
MMI,4859
FMI,6680
PMI,8130
SMI,15560
TMI,9920
WMI,3829
YMI,5955
VMI,13952
AFI,27254
RFI,20490
NFI,18294
DFI,30862
CFI,4337
QFI,15110
EFI,27211
GFI,33153
HFI,10534
IFI,20650
LFI,31096
KFI,24717
MFI,7369
FFI,16660
PFI,20044
SFI,30856
TFI,21834
WFI,4512
YFI,15711
VFI,26299
API,26507
RPI,19073
NPI,18694
DPI,20247
CPI,6374
QPI,18094
EPI,23427
GPI,26191
HPI,10258
IPI,30353
LPI,37623
KPI,23355
MPI,9195
FPI,15550
PPI,20149
SPI,26536
TPI,30393
WPI,3887
YPI,15144
VPI,29951
ASI,48519
RSI,30206
NSI,35490
DSI,35742
CSI,6617
QSI,27680
ESI,43126
GSI,52931
HSI,14618
ISI,36505
LSI,46769
KSI,39422
MSI,12358
FSI,26472
PSI,30324
SSI,45120
TSI,36912
WSI,8119
YSI,25265
VSI,40550
ATI,41772
RTI,30814
NTI,23747
DTI,35964
CTI,7292
QTI,23232
ETI,36922
GTI,55770
HTI,13188
ITI,37032
LTI,54712
KTI,45483
MTI,12818
FTI,33608
PTI,26890
STI,39726
TTI,36123
WTI,5874
YTI,22191
VTI,50609
AWI,8783
RWI,8302
NWI,5803
DWI,8715
CWI,1182
QWI,5645
EWI,13414
GWI,11259
HWI,2904
IWI,6436
LWI,8487
KWI,9051
MWI,4162
FWI,3953
PWI,8284
SWI,7697
TWI,8628
WWI,1813
YWI,4621
VWI,10346
AYI,25186
RYI,17535
NYI,17719
DYI,31723
CYI,4512
QYI,13003
EYI,24643
GYI,27729
HYI,7458
IYI,14604
LYI,21130
KYI,23527
MYI,8139
FYI,12891
PYI,14849
SYI,21559
TYI,21124
WYI,4024
YYI,10362
VYI,22090
AVI,61544
RVI,44778
NVI,33591
DVI,46446
CVI,7017
QVI,28726
EVI,58782
GVI,60197
HVI,20237
IVI,31530
LVI,50732
KVI,52733
MVI,13461
FVI,25708
PVI,37363
SVI,45368
TVI,43001
WVI,6549
YVI,17656
VVI,57746
AAL,144288
RAL,82743
NAL,56205
DAL,85820
CAL,14946
QAL,72378
EAL,126325
GAL,84835
HAL,28353
IAL,61813
LAL,112064
KAL,97221
MAL,31522
FAL,39151
PAL,59674
SAL,99722
TAL,74647
WAL,16346
YAL,41080
VAL,94364
ARL,71793
RRL,56894
NRL,38462
DRL,55478
CRL,10908
QRL,52246
ERL,83539
GRL,74129
HRL,23995
IRL,35553
LRL,87935
KRL,58982
MRL,18178
FRL,29764
PRL,35852
SRL,64075
TRL,42300
WRL,9303
YRL,31279
VRL,54991
ANL,49203
RNL,46466
NNL,34414
DNL,40384
CNL,6523
QNL,30807
ENL,55654
GNL,47393
HNL,17131
INL,38347
LNL,61829
KNL,50782
MNL,16276
FNL,26936
PNL,32627
SNL,49412
TNL,50178
WNL,8813
YNL,24041
VNL,44605
ADL,80439
RDL,63431
NDL,42084
DDL,51509
CDL,15294
QDL,42694
EDL,75085
GDL,64177
HDL,18447
IDL,48931
LDL,86623
KDL,68941
MDL,21967
FDL,37862
PDL,46705
SDL,62304
TDL,48923
WDL,11498
YDL,33216
VDL,80542
ACL,14191
RCL,11113
NCL,8300
DCL,10705
CCL,4478
QCL,7238
ECL,12710
GCL,12247
HCL,6930
ICL,11526
LCL,16957
KCL,9219
MCL,3157
FCL,10395
PCL,5720
SCL,12139
TCL,11199
WCL,2125
YCL,7718
VCL,12000
AQL,52661
RQL,46412
NQL,30124
DQL,41624
CQL,8092
QQL,43959
EQL,74433
GQL,42175
HQL,16813
IQL,32895
LQL,58195
KQL,55677
MQL,14096
FQL,20938
PQL,28340
SQL,42257
TQL,37500
WQL,7054
YQL,28948
VQL,56843
AEL,99339
REL,76946
NEL,45005
DEL,71400
CEL,9214
QEL,53509
EEL,117664
GEL,72970
HEL,19997
IEL,51110
LEL,97874
KEL,105914
MEL,28309
FEL,34429
PEL,63994
SEL,61858
TEL,58089
WEL,12565
YEL,32493
VEL,71873
AGL,100384
RGL,57642
NGL,46755
DGL,61369
CGL,13533
QGL,48422
EGL,69266
GGL,81806
HGL,27397
IGL,59802
LGL,104371
KGL,61084
MGL,25898
FGL,40254
PGL,45655
SGL,87380
TGL,58316
WGL,12588
YGL,37888
VGL,64325
AHL,32715
RHL,24456
NHL,16226
DHL,21507
CHL,5389
QHL,23851
EHL,29047
GHL,29634
HHL,11801
IHL,18613
LHL,41114
KHL,23685
MHL,6300
FHL,13675
PHL,20569
SHL,26871
THL,21226
WHL,5567
YHL,16535
VHL,24304
AIL,68672
RIL,57484
NIL,48839
DIL,67370
CIL,8734
QIL,44105
EIL,86479
GIL,59622
HIL,21705
IIL,44480
LIL,64413
KIL,66056
MIL,18250
FIL,28464
PIL,35698
SIL,58853
TIL,51006
WIL,8534
YIL,24322
VIL,54792
ALL,134201
RLL,99151
NLL,72116
DLL,102128
CLL,21201
QLL,78551
ELL,127153
GLL,94750
HLL,41842
ILL,71801
LLL,131351
KLL,104159
MLL,30248
FLL,55296
PLL,76880
SLL,100209
TLL,90569
WLL,18251
YLL,46494
VLL,97391
AKL,71554
RKL,62044
NKL,44487
DKL,67318
CKL,8700
QKL,49713
EKL,105191
GKL,78964
HKL,22326
IKL,44401
LKL,77465
KKL,80508
MKL,22549
FKL,29892
PKL,40111
SKL,59849
TKL,51864
WKL,12550
YKL,34850
VKL,62030
AML,29950
RML,21491
NML,17067
DML,22733
CML,4345
QML,21367
EML,31860
GML,19625
HML,10701
IML,15542
LML,22864
KML,23138
MML,8163
FML,12263
PML,12542
SML,18943
TML,20231
WML,3724
YML,10590
VML,22811
AFL,55017
RFL,41529
NFL,33266
DFL,43022
CFL,6628
QFL,26625
EFL,53679
GFL,46121
HFL,16452
IFL,32409
LFL,54748
KFL,36389
MFL,10600
FFL,22443
PFL,33855
SFL,49074
TFL,37153
WFL,10716
YFL,24325
VFL,46129
APL,51624
RPL,38243
NPL,29837
DPL,42112
CPL,7414
QPL,29122
EPL,47849
GPL,48657
HPL,21412
IPL,43015
LPL,64508
KPL,47798
MPL,12221
FPL,35972
PPL,33781
SPL,42365
TPL,48424
WPL,9782
YPL,25677
VPL,49769
ASL,88651
RSL,60270
NSL,51741
DSL,56506
CSL,11740
QSL,52046
ESL,64894
GSL,88202
HSL,27936
ISL,53529
LSL,95684
KSL,56153
MSL,24372
FSL,46373
PSL,46736
SSL,87163
TSL,52203
WSL,13272
YSL,46069
VSL,70964
ATL,84740
RTL,60710
NTL,46057
DTL,51799
CTL,9833
QTL,47326
ETL,73321
GTL,68445
HTL,27954
ITL,58555
LTL,91217
KTL,67486
MTL,20613
FTL,43712
PTL,45949
STL,76141
TTL,64338
WTL,11208
YTL,36056
VTL,77494
AWL,19528
RWL,13649
NWL,11116
DWL,16425
CWL,2525
QWL,12141
EWL,18792
GWL,14935
HWL,5407
IWL,8612
LWL,18169
KWL,10676
MWL,3576
FWL,10184
PWL,9489
SWL,14077
TWL,12728
WWL,2810
YWL,7283
VWL,12737
AYL,44949
RYL,39237
NYL,32194
DYL,42479
CYL,5640
QYL,28374
EYL,48064
GYL,37024
HYL,18504
IYL,27424
LYL,48458
KYL,36590
MYL,8488
FYL,21890
PYL,24737
SYL,41759
TYL,30236
WYL,6120
YYL,23680
VYL,37241
AVL,110113
RVL,73843
NVL,52893
DVL,73925
CVL,19196
QVL,52982
EVL,84273
GVL,88848
HVL,24066
IVL,58026
LVL,89633
KVL,77783
MVL,25600
FVL,33708
PVL,59347
SVL,79269
TVL,73181
WVL,11730
YVL,27868
VVL,83171
AAK,73931
RAK,35479
NAK,34323
DAK,35805
CAK,5841
QAK,25242
EAK,54041
GAK,49302
HAK,18276
IAK,51707
LAK,98689
KAK,55821
MAK,21362
FAK,35396
PAK,23642
SAK,44573
TAK,36239
WAK,12791
YAK,24514
VAK,54672
ARK,44129
RRK,26674
NRK,19845
DRK,21495
CRK,8039
QRK,17661
ERK,30801
GRK,30309
HRK,10518
IRK,45809
LRK,63840
KRK,31378
MRK,14369
FRK,31813
PRK,13950
SRK,28008
TRK,25966
WRK,8190
YRK,18838
VRK,38896
ANK,27923
RNK,16001
NNK,21367
DNK,22844
CNK,3131
QNK,14544
ENK,26785
GNK,31675
HNK,6693
INK,29294
LNK,50806
KNK,34740
MNK,11271
FNK,21200
PNK,17752
SNK,28676
TNK,20305
WNK,6813
YNK,19595
VNK,26229
ADK,41889
RDK,25323
NDK,22486
DDK,25350
CDK,7369
QDK,27416
EDK,31865
GDK,42377
HDK,8259
IDK,37033
LDK,66255
KDK,36601
MDK,14454
FDK,35026
PDK,26924
SDK,31389
TDK,28306
WDK,8310
YDK,22675
VDK,48990
ACK,7950
RCK,4112
NCK,4353
DCK,4573
CCK,1194
QCK,3796
ECK,5575
GCK,6449
HCK,2755
ICK,7772
LCK,11518
KCK,6152
MCK,1927
FCK,4136
PCK,3080
SCK,5519
TCK,4422
WCK,1129
YCK,4143
VCK,7791
AQK,34901
RQK,18665
NQK,16899
DQK,12249
CQK,6118
QQK,22995
EQK,23261
GQK,24151
HQK,9471
IQK,39663
LQK,48531
KQK,21614
MQK,11988
FQK,20229
PQK,13107
SQK,19661
TQK,19659
WQK,4956
YQK,15778
VQK,25902
AEK,66588
REK,37872
NEK,31285
DEK,35321
CEK,8019
QEK,30039
EEK,53043
GEK,49968
HEK,14894
IEK,60204
LEK,106488
KEK,53574
MEK,24020
FEK,39718
PEK,33758
SEK,38675
TEK,39590
WEK,13899
YEK,29543
VEK,63362
AGK,60670
RGK,30316
NGK,56768
DGK,66717
CGK,12672
QGK,27845
EGK,53547
GGK,49364
HGK,17522
IGK,41899
LGK,64779
KGK,52988
MGK,13746
FGK,31076
PGK,40755
SGK,62333
TGK,65897
WGK,11155
YGK,29275
VGK,48946
AHK,14828
RHK,9588
NHK,13677
DHK,8582
CHK,2261
QHK,6253
EHK,10367
GHK,15012
HHK,5294
IHK,12484
LHK,20487
KHK,19157
MHK,4170
FHK,7519
PHK,8214
SHK,8323
THK,11600
WHK,4030
YHK,7762
VHK,12489
AIK,52130
RIK,31943
NIK,26959
DIK,44504
CIK,4020
QIK,25201
EIK,51726
GIK,47339
HIK,13200
IIK,38320
LIK,57317
KIK,42628
MIK,13475
FIK,27768
PIK,21208
SIK,32644
TIK,43506
WIK,8193
YIK,20568
VIK,40629
ALK,93011
RLK,51996
NLK,52368
DLK,60028
CLK,12107
QLK,49964
ELK,84806
GLK,63278
HLK,24495
ILK,63457
LLK,113759
KLK,71840
MLK,25275
FLK,44953
PLK,35522
SLK,65132
TLK,67034
WLK,15250
YLK,39713
VLK,78735
AKK,56927
RKK,28589
NKK,30601
DKK,43016
CKK,6348
QKK,23343
EKK,41769
GKK,47414
HKK,9949
IKK,53763
LKK,82650
KKK,45266
MKK,21491
FKK,30160
PKK,24772
SKK,37803
TKK,28908
WKK,11828
YKK,22329
VKK,56062
AMK,26691
RMK,10888
NMK,9547
DMK,11072
CMK,3777
QMK,9507
EMK,20722
GMK,14732
HMK,6810
IMK,15307
LMK,26687
KMK,17477
MMK,7558
FMK,9985
PMK,5357
SMK,16189
TMK,15188
WMK,3428
YMK,7946
VMK,16630
AFK,26131
RFK,20008
NFK,22131
DFK,29053
CFK,3331
QFK,12389
EFK,28038
GFK,27607
HFK,10236
IFK,21058
LFK,35906
KFK,25980
MFK,7544
FFK,20197
PFK,15230
SFK,23805
TFK,30771
WFK,7603
YFK,18131
VFK,28841
APK,27178
RPK,15782
NPK,29140
DPK,31696
CPK,5212
QPK,15141
EPK,23316
GPK,27844
HPK,10620
IPK,25384
LPK,45349
KPK,25166
MPK,9499
FPK,16703
PPK,21538
SPK,23229
TPK,29300
WPK,2914
YPK,15672
VPK,24712
ASK,42434
RSK,23976
NSK,25075
DSK,42572
CSK,5920
QSK,21404
ESK,27600
GSK,36760
HSK,10923
ISK,43187
LSK,74677
KSK,35059
MSK,14212
FSK,35924
PSK,32282
SSK,40416
TSK,31437
WSK,8059
YSK,21938
VSK,40488
ATK,36012
RTK,19566
NTK,25044
DTK,25261
CTK,4400
QTK,14979
ETK,29248
GTK,45374
HTK,10554
ITK,36348
LTK,54572
KTK,32485
MTK,16448
FTK,22959
PTK,23099
STK,34796
TTK,26851
WTK,6511
YTK,19733
VTK,40683
AWK,11981
RWK,8190
NWK,8772
DWK,8277
CWK,2064
QWK,12654
EWK,10749
GWK,12423
HWK,4116
IWK,6678
LWK,15158
KWK,11237
MWK,4048
FWK,5641
PWK,5886
SWK,8611
TWK,8605
WWK,2551
YWK,5847
VWK,8762
AYK,20896
RYK,14990
NYK,19313
DYK,20045
CYK,4027
QYK,12746
EYK,23054
GYK,24350
HYK,8500
IYK,26152
LYK,30773
KYK,26398
MYK,6128
FYK,16143
PYK,12692
SYK,19838
TYK,18776
WYK,4708
YYK,13168
VYK,24081
AVK,62121
RVK,35822
NVK,39450
DVK,41110
CVK,7193
QVK,29169
EVK,54783
GVK,51911
HVK,14362
IVK,47625
LVK,89345
KVK,51665
MVK,18297
FVK,33434
PVK,28926
SVK,47170
TVK,49089
WVK,12330
YVK,24252
VVK,53320
AAM,32205
RAM,17264
NAM,14864
DAM,18486
CAM,6535
QAM,15682
EAM,27345
GAM,23120
HAM,6998
IAM,16301
LAM,26697
KAM,23804
MAM,7462
FAM,11438
PAM,11337
SAM,19646
TAM,22440
WAM,4124
YAM,13047
VAM,23889
ARM,17085
RRM,12582
NRM,6935
DRM,10007
CRM,2321
QRM,11402
ERM,16206
GRM,13300
HRM,3780
IRM,9920
LRM,16815
KRM,14586
MRM,5517
FRM,6369
PRM,7362
SRM,11068
TRM,7987
WRM,2094
YRM,6289
VRM,12704
ANM,10976
RNM,6615
NNM,7565
DNM,7923
CNM,1051
QNM,6977
ENM,14622
GNM,11032
HNM,3488
INM,9537
LNM,12314
KNM,11891
MNM,3530
FNM,7048
PNM,7412
SNM,13009
TNM,6433
WNM,3254
YNM,4944
VNM,11310
ADM,16910
RDM,12573
NDM,7265
DDM,14387
CDM,2110
QDM,9548
EDM,19228
GDM,13022
HDM,3145
IDM,11305
LDM,22516
KDM,11465
MDM,5908
FDM,8773
PDM,12049
SDM,11849
TDM,11570
WDM,2810
YDM,8740
VDM,13438
ACM,2775
RCM,2560
NCM,2169
DCM,1456
CCM,628
QCM,857
ECM,3542
GCM,5143
HCM,1940
ICM,3417
LCM,3221
KCM,1605
MCM,972
FCM,1900
PCM,1604
SCM,2375
TCM,1629
WCM,288
YCM,1246
VCM,4549
AQM,12974
RQM,9729
NQM,5809
DQM,10091
CQM,1442
QQM,9523
EQM,14072
GQM,13620
HQM,2862
IQM,12244
LQM,21950
KQM,9222
MQM,6759
FQM,5296
PQM,6767
SQM,9565
TQM,7994
WQM,1874
YQM,5659
VQM,10757
AEM,18720
REM,15764
NEM,10710
DEM,20426
CEM,2015
QEM,14266
EEM,30910
GEM,17485
HEM,7239
IEM,14401
LEM,19918
KEM,22204
MEM,6690
FEM,10878
PEM,12050
SEM,11793
TEM,13667
WEM,4840
YEM,7382
VEM,17600
AGM,22577
RGM,12271
NGM,14654
DGM,15075
CGM,3385
QGM,9440
EGM,21702
GGM,18825
HGM,6762
IGM,18342
LGM,23792
KGM,14221
MGM,8161
FGM,12302
PGM,15006
SGM,20933
TGM,16161
WGM,3543
YGM,9374
VGM,18981
AHM,6967
RHM,5760
NHM,2846
DHM,5932
CHM,1240
QHM,4125
EHM,5750
GHM,7205
HHM,6236
IHM,3524
LHM,6413
KHM,7536
MHM,1409
FHM,4872
PHM,3478
SHM,14889
THM,5011
WHM,1544
YHM,2987
VHM,6852
AIM,15464
RIM,14241
NIM,10192
DIM,12245
CIM,3620
QIM,10341
EIM,16170
GIM,12924
HIM,3620
IIM,11450
LIM,13966
KIM,14418
MIM,4147
FIM,8218
PIM,7902
SIM,16332
TIM,12497
WIM,1539
YIM,5605
VIM,15412
ALM,30486
RLM,17832
NLM,14370
DLM,20545
CLM,5689
QLM,13924
ELM,26896
GLM,24716
HLM,12925
ILM,16158
LLM,26411
KLM,21659
MLM,8069
FLM,11409
PLM,15231
SLM,19926
TLM,17817
WLM,4031
YLM,13112
VLM,19831
AKM,17832
RKM,16825
NKM,8273
DKM,13455
CKM,2379
QKM,9954
EKM,21888
GKM,13804
HKM,4387
IKM,9535
LKM,19589
KKM,16553
MKM,5772
FKM,6212
PKM,9186
SKM,13674
TKM,12723
WKM,2522
YKM,6533
VKM,14955
AMM,10065
RMM,6481
NMM,4717
DMM,5368
CMM,645
QMM,5753
EMM,8455
GMM,6339
HMM,2717
IMM,3802
LMM,8500
KMM,7672
MMM,2544
FMM,2036
PMM,5867
SMM,6255
TMM,5668
WMM,1036
YMM,3090
VMM,8390
AFM,13697
RFM,6667
NFM,6111
DFM,8644
CFM,1849
QFM,4983
EFM,10841
GFM,10909
HFM,4296
IFM,6651
LFM,10409
KFM,7078
MFM,3004
FFM,5344
PFM,7718
SFM,10380
TFM,6876
WFM,1389
YFM,4116
VFM,7144
APM,9447
RPM,6694
NPM,9072
DPM,7453
CPM,1950
QPM,5175
EPM,7042
GPM,7869
HPM,4395
IPM,11425
LPM,13025
KPM,8070
MPM,3400
FPM,6839
PPM,5521
SPM,8043
TPM,9119
WPM,1029
YPM,4766
VPM,13498
ASM,20263
RSM,12423
NSM,9757
DSM,9486
CSM,2741
QSM,8487
ESM,12487
GSM,20348
HSM,9540
ISM,13496
LSM,21794
KSM,10891
MSM,6336
FSM,9025
PSM,8047
SSM,15052
TSM,12421
WSM,2607
YSM,9885
VSM,16044
ATM,15244
RTM,9810
NTM,11725
DTM,10392
CTM,1809
QTM,6973
ETM,11003
GTM,15718
HTM,3855
ITM,10182
LTM,19747
KTM,10556
MTM,4470
FTM,8393
PTM,7336
STM,17295
TTM,10326
WTM,2494
YTM,9782
VTM,16134
AWM,4508
RWM,3571
NWM,4592
DWM,3262
CWM,961
QWM,2459
EWM,6268
GWM,4627
HWM,2054
IWM,3083
LWM,4616
KWM,4017
MWM,626
FWM,2365
PWM,2507
SWM,3760
TWM,2477
WWM,937
YWM,2254
VWM,2664
AYM,10647
RYM,8023
NYM,5843
DYM,6533
CYM,4268
QYM,7308
EYM,9788
GYM,10650
HYM,2383
IYM,5415
LYM,10344
KYM,7571
MYM,2467
FYM,5504
PYM,6303
SYM,6469
TYM,6909
WYM,3342
YYM,4657
VYM,8666
AVM,21615
RVM,14173
NVM,11498
DVM,15583
CVM,3578
QVM,11220
EVM,20170
GVM,18130
HVM,6671
IVM,16775
LVM,20236
KVM,16057
MVM,6434
FVM,8719
PVM,11609
SVM,15724
TVM,18987
WVM,3942
YVM,9466
VVM,19005
AAF,50901
RAF,29906
NAF,22680
DAF,32554
CAF,5529
QAF,22697
EAF,45056
GAF,35987
HAF,13914
IAF,27860
LAF,43318
KAF,35580
MAF,16359
FAF,18585
PAF,23245
SAF,32955
TAF,31425
WAF,7241
YAF,16245
VAF,33315
ARF,29507
RRF,26507
NRF,18534
DRF,31679
CRF,5426
QRF,18071
ERF,34739
GRF,37987
HRF,8508
IRF,17954
LRF,35624
KRF,28333
MRF,8893
FRF,14823
PRF,17705
SRF,31247
TRF,22319
WRF,5606
YRF,15292
VRF,29068
ANF,21600
RNF,19314
NNF,22952
DNF,18055
CNF,3007
QNF,12939
ENF,28326
GNF,23742
HNF,9688
INF,20384
LNF,26294
KNF,24843
MNF,7591
FNF,17291
PNF,17051
SNF,27861
TNF,18278
WNF,4982
YNF,12325
VNF,25002
ADF,34446
RDF,21970
NDF,20068
DDF,30163
CDF,8063
QDF,17344
EDF,37645
GDF,36463
HDF,10514
IDF,29345
LDF,40485
KDF,29983
MDF,11439
FDF,21507
PDF,22482
SDF,28077
TDF,28670
WDF,5418
YDF,14665
VDF,38380
ACF,7258
RCF,3436
NCF,3528
DCF,5836
CCF,1133
QCF,4195
ECF,4497
GCF,4658
HCF,2455
ICF,6170
LCF,7413
KCF,5820
MCF,1376
FCF,3072
PCF,2712
SCF,6246
TCF,3469
WCF,1368
YCF,3635
VCF,5443
AQF,17789
RQF,14183
NQF,16394
DQF,13258
CQF,4370
QQF,14690
EQF,22885
GQF,17162
HQF,6065
IQF,13967
LQF,20400
KQF,14908
MQF,7784
FQF,11980
PQF,11194
SQF,17094
TQF,15611
WQF,3038
YQF,8619
VQF,17483
AEF,37752
REF,27489
NEF,18037
DEF,32889
CEF,4529
QEF,18426
EEF,46239
GEF,33030
HEF,11111
IEF,20544
LEF,37130
KEF,39556
MEF,9695
FEF,14626
PEF,25794
SEF,27616
TEF,25574
WEF,5553
YEF,11980
VEF,33064
AGF,46355
RGF,29598
NGF,22242
DGF,30176
CGF,7304
QGF,25788
EGF,36956
GGF,40699
HGF,15128
IGF,25384
LGF,50388
KGF,29835
MGF,12504
FGF,26522
PGF,29204
SGF,46202
TGF,30008
WGF,5519
YGF,26235
VGF,33789
AHF,15425
RHF,10297
NHF,8820
DHF,9074
CHF,1988
QHF,8356
EHF,11441
GHF,14318
HHF,7329
IHF,13556
LHF,17180
KHF,11656
MHF,3058
FHF,9852
PHF,11254
SHF,13339
THF,12996
WHF,2790
YHF,6996
VHF,11938
AIF,27339
RIF,24148
NIF,21355
DIF,28082
CIF,5672
QIF,20731
EIF,28015
GIF,34591
HIF,8856
IIF,24531
LIF,33958
KIF,25053
MIF,8325
FIF,17965
PIF,15599
SIF,26331
TIF,23705
WIF,5829
YIF,11187
VIF,23341
ALF,40837
RLF,42068
NLF,27810
DLF,39242
CLF,6249
QLF,29461
ELF,50131
GLF,43920
HLF,16243
ILF,30049
LLF,51578
KLF,39459
MLF,12851
FLF,22222
PLF,28098
SLF,39095
TLF,39355
WLF,6352
YLF,20954
VLF,37899
AKF,26260
RKF,20544
NKF,16832
DKF,26269
CKF,2810
QKF,18010
EKF,35759
GKF,25367
HKF,10660
IKF,16331
LKF,30006
KKF,32372
MKF,9224
FKF,12059
PKF,16931
SKF,23217
TKF,17449
WKF,4616
YKF,14627
VKF,27687
AMF,11848
RMF,7435
NMF,7278
DMF,8974
CMF,1397
QMF,6672
EMF,12391
GMF,10062
HMF,4938
IMF,6555
LMF,10248
KMF,7874
MMF,3246
FMF,4843
PMF,7506
SMF,7656
TMF,7316
WMF,2101
YMF,4279
VMF,8576
AFF,21059
RFF,17913
NFF,13207
DFF,17974
CFF,4239
QFF,11323
EFF,22005
GFF,22776
HFF,8558
IFF,13484
LFF,23662
KFF,15835
MFF,5966
FFF,11269
PFF,22066
SFF,18770
TFF,18046
WFF,4504
YFF,9196
VFF,22037
APF,20715
RPF,20262
NPF,15330
DPF,16646
CPF,5692
QPF,14076
EPF,22486
GPF,23036
HPF,11451
IPF,25651
LPF,39457
KPF,29124
MPF,8019
FPF,11361
PPF,13395
SPF,23405
TPF,22818
WPF,4710
YPF,13424
VPF,25950
ASF,36165
RSF,21299
NSF,24495
DSF,29202
CSF,5761
QSF,18663
ESF,32249
GSF,40215
HSF,12917
ISF,26676
LSF,45125
KSF,34444
MSF,12168
FSF,23347
PSF,25422
SSF,33002
TSF,22810
WSF,10443
YSF,22746
VSF,39722
ATF,29714
RTF,22992
NTF,22094
DTF,23675
CTF,4289
QTF,17980
ETF,29915
GTF,34175
HTF,20595
ITF,22369
LTF,37638
KTF,29255
MTF,9584
FTF,23323
PTF,18460
STF,34475
TTF,24586
WTF,8890
YTF,18181
VTF,30815
AWF,7440
RWF,8462
NWF,4720
DWF,6015
CWF,734
QWF,4924
EWF,7271
GWF,8367
HWF,4907
IWF,4445
LWF,7548
KWF,5736
MWF,2328
FWF,3620
PWF,4591
SWF,6671
TWF,7436
WWF,1740
YWF,3679
VWF,5969
AYF,16999
RYF,19303
NYF,11508
DYF,23140
CYF,3344
QYF,12056
EYF,22201
GYF,22987
HYF,6583
IYF,12343
LYF,23566
KYF,20797
MYF,4646
FYF,10806
PYF,14599
SYF,18635
TYF,13758
WYF,3617
YYF,11960
VYF,18605
AVF,38619
RVF,28050
NVF,22389
DVF,34382
CVF,5731
QVF,20092
EVF,39509
GVF,39922
HVF,13899
IVF,23916
LVF,42040
KVF,36614
MVF,11175
FVF,20999
PVF,27146
SVF,44316
TVF,31951
WVF,5575
YVF,16009
VVF,38963
AAP,46790
RAP,22763
NAP,21691
DAP,27475
CAP,4358
QAP,28457
EAP,30399
GAP,40718
HAP,14136
IAP,38561
LAP,61470
KAP,29349
MAP,11918
FAP,23292
PAP,29303
SAP,34040
TAP,31810
WAP,6118
YAP,19345
VAP,41787
ARP,22195
RRP,20905
NRP,17259
DRP,19927
CRP,3377
QRP,16547
ERP,22107
GRP,34343
HRP,8879
IRP,19460
LRP,38072
KRP,19487
MRP,12420
FRP,18353
PRP,18769
SRP,26108
TRP,20793
WRP,6701
YRP,18493
VRP,26763
ANP,32323
RNP,20482
NNP,18350
DNP,22224
CNP,3803
QNP,19281
ENP,30089
GNP,31802
HNP,9109
INP,24787
LNP,38704
KNP,23632
MNP,10427
FNP,18903
PNP,16978
SNP,26472
TNP,23803
WNP,6947
YNP,18199
VNP,24593
ADP,32993
RDP,26180
NDP,25353
DDP,24233
CDP,8950
QDP,16580
EDP,29333
GDP,35904
HDP,9956
IDP,35497
LDP,52657
KDP,28419
MDP,9754
FDP,26503
PDP,25101
SDP,32988
TDP,30736
WDP,7341
YDP,26811
VDP,35803
ACP,7300
RCP,6701
NCP,4443
DCP,5509
CCP,1239
QCP,3577
ECP,5593
GCP,8496
HCP,3249
ICP,4955
LCP,7244
KCP,6402
MCP,2206
FCP,3662
PCP,3957
SCP,5235
TCP,6620
WCP,2853
YCP,6815
VCP,6924
AQP,17715
RQP,14165
NQP,11468
DQP,12690
CQP,1964
QQP,13230
EQP,12505
GQP,29346
HQP,7640
IQP,19308
LQP,34068
KQP,12973
MQP,4073
FQP,17098
PQP,15267
SQP,23072
TQP,15445
WQP,5685
YQP,15363
VQP,24696
AEP,25727
REP,20099
NEP,15600
DEP,21298
CEP,3705
QEP,13042
EEP,18239
GEP,37622
HEP,7052
IEP,23351
LEP,45824
KEP,25467
MEP,9320
FEP,18142
PEP,30325
SEP,20491
TEP,19070
WEP,8286
YEP,20395
VEP,39048
AGP,31829
RGP,19500
NGP,22160
DGP,27233
CGP,4948
QGP,16771
EGP,23867
GGP,39193
HGP,9413
IGP,26657
LGP,44072
KGP,28756
MGP,9353
FGP,25464
PGP,23402
SGP,55915
TGP,25987
WGP,7075
YGP,22892
VGP,33211
AHP,16597
RHP,15265
NHP,11504
DHP,13211
CHP,2987
QHP,8052
EHP,18827
GHP,15427
HHP,7701
IHP,14695
LHP,21447
KHP,13929
MHP,3789
FHP,13683
PHP,12823
SHP,15687
THP,12850
WHP,3501
YHP,7149
VHP,16807
AIP,32669
RIP,26408
NIP,26722
DIP,33871
CIP,3211
QIP,20417
EIP,33792
GIP,53118
HIP,11409
IIP,29351
LIP,39980
KIP,27283
MIP,8582
FIP,20039
PIP,25619
SIP,31751
TIP,27722
WIP,7850
YIP,18114
VIP,39719
ALP,53973
RLP,38657
NLP,38667
DLP,50823
CLP,7918
QLP,33243
ELP,46472
GLP,63169
HLP,18257
ILP,42929
LLP,70534
KLP,47173
MLP,14815
FLP,35588
PLP,44471
SLP,49839
TLP,46416
WLP,10549
YLP,26502
VLP,60973
AKP,25204
RKP,18582
NKP,22421
DKP,24762
CKP,3141
QKP,19966
EKP,27438
GKP,44859
HKP,14310
IKP,27992
LKP,60511
KKP,29220
MKP,9308
FKP,17613
PKP,21530
SKP,24948
TKP,21577
WKP,8864
YKP,14443
VKP,36473
AMP,12660
RMP,8499
NMP,8216
DMP,9707
CMP,893
QMP,7586
EMP,10050
GMP,13743
HMP,3861
IMP,9840
LMP,14059
KMP,8300
MMP,2876
FMP,8102
PMP,6337
SMP,10269
TMP,8107
WMP,2051
YMP,6285
VMP,11049
AFP,22574
RFP,23267
NFP,14149
DFP,19524
CFP,3300
QFP,12090
EFP,17297
GFP,24156
HFP,13553
IFP,23847
LFP,29186
KFP,18000
MFP,6026
FFP,15604
PFP,15834
SFP,23111
TFP,26073
WFP,5409
YFP,26045
VFP,30685
APP,26738
RPP,16899
NPP,18626
DPP,17752
CPP,4927
QPP,15450
EPP,19227
GPP,16236
HPP,7449
IPP,27946
LPP,53056
KPP,14952
MPP,7927
FPP,23701
PPP,27112
SPP,17196
TPP,31451
WPP,3376
YPP,10792
VPP,28980
ASP,28266
RSP,20282
NSP,21410
DSP,22868
CSP,6522
QSP,26004
ESP,20041
GSP,40913
HSP,8951
ISP,33169
LSP,57204
KSP,23525
MSP,8789
FSP,30694
PSP,23617
SSP,35397
TSP,27750
WSP,9671
YSP,20627
VSP,36336
ATP,35194
RTP,25253
NTP,24330
DTP,24907
CTP,5185
QTP,17855
ETP,22941
GTP,41849
HTP,12285
ITP,37967
LTP,55462
KTP,32668
MTP,12790
FTP,28989
PTP,25303
STP,30949
TTP,36404
WTP,8850
YTP,21351
VTP,36593
AWP,7552
RWP,4234
NWP,4469
DWP,5084
CWP,685
QWP,3467
EWP,4875
GWP,5077
HWP,3026
IWP,3357
LWP,8827
KWP,3945
MWP,2550
FWP,2884
PWP,5566
SWP,7245
TWP,7424
WWP,1957
YWP,3702
VWP,5368
AYP,17768
RYP,16034
NYP,13605
DYP,14647
CYP,3238
QYP,9829
EYP,15701
GYP,19264
HYP,5699
IYP,16204
LYP,22997
KYP,20179
MYP,8120
FYP,24758
PYP,15596
SYP,18125
TYP,15555
WYP,3379
YYP,13680
VYP,19015
AVP,35453
RVP,26288
NVP,28091
DVP,34127
CVP,4587
QVP,16288
EVP,35762
GVP,58326
HVP,14982
IVP,31266
LVP,49632
KVP,26929
MVP,10364
FVP,22572
PVP,30707
SVP,36957
TVP,42949
WVP,9997
YVP,25516
VVP,46368
AAS,86574
RAS,41691
NAS,30914
DAS,38928
CAS,10169
QAS,26138
EAS,42787
GAS,59699
HAS,14924
IAS,50350
LAS,83862
KAS,43500
MAS,19957
FAS,38200
PAS,44295
SAS,62318
TAS,54046
WAS,11902
YAS,28365
VAS,61627
ARS,38529
RRS,26162
NRS,17373
DRS,23843
CRS,7206
QRS,15573
ERS,24878
GRS,32680
HRS,13977
IRS,31254
LRS,60396
KRS,27632
MRS,12218
FRS,23475
PRS,19885
SRS,31449
TRS,25304
WRS,8763
YRS,16058
VRS,36651
ANS,31021
RNS,18725
NNS,24881
DNS,23517
CNS,5039
QNS,13653
ENS,27622
GNS,33380
HNS,8130
INS,35120
LNS,46489
KNS,27266
MNS,16495
FNS,22713
PNS,20140
SNS,28415
TNS,26608
WNS,21545
YNS,23771
VNS,30861
ADS,44463
RDS,25772
NDS,19990
DDS,30452
CDS,5403
QDS,27400
EDS,29938
GDS,40455
HDS,10817
IDS,36156
LDS,65503
KDS,45021
MDS,12390
FDS,30050
PDS,29042
SDS,31382
TDS,33235
WDS,10716
YDS,22473
VDS,43810
ACS,8671
RCS,5243
NCS,4901
DCS,6588
CCS,2238
QCS,5979
ECS,5543
GCS,8156
HCS,3074
ICS,9412
LCS,14502
KCS,5951
MCS,2825
FCS,6366
PCS,5144
SCS,7588
TCS,6686
WCS,1990
YCS,6265
VCS,8965
AQS,30121
RQS,18504
NQS,17145
DQS,15827
CQS,3670
QQS,17196
EQS,17855
GQS,30982
HQS,9056
IQS,24889
LQS,57485
KQS,19127
MQS,7235
FQS,19539
PQS,18248
SQS,31967
TQS,31030
WQS,5243
YQS,14875
VQS,26636
AES,41491
RES,28512
NES,17699
DES,30108
CES,6386
QES,25690
EES,33397
GES,39584
HES,10658
IES,38595
LES,63937
KES,39720
MES,17371
FES,26066
PES,33004
SES,33351
TES,33888
WES,13670
YES,17746
VES,47449
AGS,56166
RGS,34466
NGS,40982
DGS,67380
CGS,15102
QGS,24942
EGS,37914
GGS,78302
HGS,17942
IGS,43684
LGS,69256
KGS,40424
MGS,18314
FGS,35144
PGS,45552
SGS,119034
TGS,62425
WGS,11275
YGS,31745
VGS,59336
AHS,18598
RHS,11255
NHS,7739
DHS,10422
CHS,5367
QHS,7164
EHS,15081
GHS,22419
HHS,11467
IHS,17746
LHS,30737
KHS,12904
MHS,3833
FHS,9776
PHS,9583
SHS,16862
THS,13754
WHS,3646
YHS,8443
VHS,15185
AIS,51069
RIS,42678
NIS,29243
DIS,45027
CIS,9195
QIS,22851
EIS,39067
GIS,49575
HIS,16014
IIS,41595
LIS,61560
KIS,41620
MIS,14347
FIS,27884
PIS,28541
SIS,46348
TIS,59454
WIS,8883
YIS,25005
VIS,50086
ALS,86708
RLS,60266
NLS,46045
DLS,71092
CLS,10030
QLS,45107
ELS,67210
GLS,77268
HLS,22304
ILS,67084
LLS,109842
KLS,60803
MLS,23283
FLS,43925
PLS,52188
SLS,94155
TLS,81682
WLS,12598
YLS,44062
VLS,83643
AKS,41806
RKS,30215
NKS,19636
DKS,31639
CKS,4813
QKS,18549
EKS,35666
GKS,49064
HKS,8790
IKS,37845
LKS,71318
KKS,34111
MKS,13460
FKS,24178
PKS,21733
SKS,37722
TKS,31325
WKS,10310
YKS,17071
VKS,40258
AMS,19733
RMS,10688
NMS,8782
DMS,12028
CMS,1651
QMS,9099
EMS,14461
GMS,17716
HMS,6284
IMS,12722
LMS,22606
KMS,14693
MMS,5786
FMS,8651
PMS,7669
SMS,18088
TMS,15148
WMS,3315
YMS,7637
VMS,16791
AFS,41754
RFS,38866
NFS,27149
DFS,32750
CFS,6246
QFS,17463
EFS,30719
GFS,43460
HFS,13488
IFS,32050
LFS,42782
KFS,23368
MFS,10193
FFS,24153
PFS,24511
SFS,41500
TFS,37204
WFS,5541
YFS,17889
VFS,35565
APS,43236
RPS,24691
NPS,29519
DPS,44781
CPS,5142
QPS,19318
EPS,30548
GPS,55565
HPS,16628
IPS,29633
LPS,48123
KPS,34093
MPS,10596
FPS,24033
PPS,32467
SPS,37611
TPS,30480
WPS,7550
YPS,14922
VPS,46834
ASS,53417
RSS,30971
NSS,31239
DSS,40752
CSS,9180
QSS,31626
ESS,29388
GSS,116525
HSS,17342
ISS,57023
LSS,105634
KSS,36426
MSS,16543
FSS,36042
PSS,70105
SSS,73812
TSS,40743
WSS,10075
YSS,29526
VSS,68154
ATS,41534
RTS,22859
NTS,25073
DTS,31964
CTS,8568
QTS,19325
ETS,26994
GTS,44241
HTS,14213
ITS,41783
LTS,64567
KTS,31589
MTS,14132
FTS,32133
PTS,25325
STS,43694
TTS,34424
WTS,9065
YTS,27177
VTS,48547
AWS,11598
RWS,6539
NWS,6111
DWS,11406
CWS,1535
QWS,6914
EWS,8346
GWS,11746
HWS,3141
IWS,8608
LWS,11253
KWS,8304
MWS,2985
FWS,6381
PWS,8025
SWS,15388
TWS,10476
WWS,2301
YWS,5589
VWS,12762
AYS,27984
RYS,17109
NYS,16501
DYS,27957
CYS,6115
QYS,17568
EYS,21829
GYS,34782
HYS,9285
IYS,27467
LYS,43946
KYS,22603
MYS,8892
FYS,16789
PYS,18847
SYS,31253
TYS,31024
WYS,4836
YYS,16652
VYS,32886
AVS,60704
RVS,35969
NVS,31751
DVS,43026
CVS,9735
QVS,30848
EVS,42124
GVS,68477
HVS,14759
IVS,50149
LVS,74129
KVS,44045
MVS,17488
FVS,35174
PVS,40780
SVS,58885
TVS,70146
WVS,11289
YVS,30217
VVS,60138
AAT,68147
RAT,32839
NAT,35279
DAT,40504
CAT,9297
QAT,27608
EAT,41927
GAT,61625
HAT,12102
IAT,48206
LAT,73952
KAT,43963
MAT,22935
FAT,30445
PAT,38451
SAT,50798
TAT,41923
WAT,9759
YAT,20788
VAT,53348
ART,32863
RRT,22058
NRT,15966
DRT,21304
CRT,3869
QRT,19747
ERT,27231
GRT,50379
HRT,9527
IRT,26157
LRT,43317
KRT,26281
MRT,11928
FRT,18245
PRT,23275
SRT,29359
TRT,23665
WRT,5821
YRT,15446
VRT,32984
ANT,24430
RNT,19606
NNT,24405
DNT,23269
CNT,3625
QNT,14600
ENT,21567
GNT,30226
HNT,6600
INT,30081
LNT,40898
KNT,29018
MNT,10220
FNT,18947
PNT,17873
SNT,31428
TNT,23123
WNT,7680
YNT,15423
VNT,28154
ADT,44120
RDT,23232
NDT,17757
DDT,28717
CDT,5082
QDT,14829
EDT,35314
GDT,44394
HDT,7434
IDT,36441
LDT,47837
KDT,33259
MDT,9851
FDT,20526
PDT,25588
SDT,30503
TDT,32260
WDT,8328
YDT,18277
VDT,42792
ACT,6921
RCT,4791
NCT,4822
DCT,6528
CCT,1219
QCT,4393
ECT,4601
GCT,10440
HCT,2357
ICT,12140
LCT,9337
KCT,4729
MCT,2071
FCT,4563
PCT,4484
SCT,6249
TCT,5729
WCT,1030
YCT,3777
VCT,8540
AQT,31428
RQT,20921
NQT,13583
DQT,14258
CQT,3495
QQT,15458
EQT,17957
GQT,32750
HQT,6003
IQT,19687
LQT,35017
KQT,18367
MQT,6654
FQT,19358
PQT,18747
SQT,23262
TQT,24950
WQT,5334
YQT,17847
VQT,20492
AET,38601
RET,26719
NET,23074
DET,29635
CET,4944
QET,17944
EET,36560
GET,49069
HET,11529
IET,39486
LET,50639
KET,35386
MET,13718
FET,25360
PET,34010
SET,36808
TET,30778
WET,9980
YET,16149
VET,42723
AGT,63881
RGT,30192
NGT,46926
DGT,62155
CGT,11644
QGT,35819
EGT,40324
GGT,68387
HGT,15366
IGT,37342
LGT,63573
KGT,33299
MGT,15058
FGT,29147
PGT,48777
SGT,72075
TGT,55284
WGT,9792
YGT,22320
VGT,43349
AHT,16173
RHT,9524
NHT,10857
DHT,10772
CHT,3993
QHT,7660
EHT,13075
GHT,18919
HHT,7064
IHT,14226
LHT,19367
KHT,13170
MHT,4192
FHT,9058
PHT,8393
SHT,14349
THT,14556
WHT,3763
YHT,6332
VHT,22388
AIT,41253
RIT,31861
NIT,42030
DIT,38540
CIT,5694
QIT,21931
EIT,44680
GIT,48561
HIT,13795
IIT,38632
LIT,50105
KIT,40293
MIT,11632
FIT,22105
PIT,26472
SIT,42547
TIT,61713
WIT,7765
YIT,20799
VIT,47869
ALT,82757
RLT,49214
NLT,41429
DLT,55980
CLT,8872
QLT,41124
ELT,53492
GLT,75694
HLT,22068
ILT,57919
LLT,86973
KLT,64135
MLT,20187
FLT,37518
PLT,53072
SLT,67601
TLT,88049
WLT,12853
YLT,35751
VLT,69720
AKT,43130
RKT,26291
NKT,21290
DKT,27823
CKT,6302
QKT,19112
EKT,36311
GKT,69470
HKT,10795
IKT,34167
LKT,57671
KKT,29121
MKT,11285
FKT,21571
PKT,30200
SKT,33118
TKT,28222
WKT,8128
YKT,23401
VKT,43771
AMT,18944
RMT,8205
NMT,10014
DMT,12996
CMT,1936
QMT,10557
EMT,13238
GMT,19058
HMT,6547
IMT,11632
LMT,21334
KMT,13401
MMT,10145
FMT,7825
PMT,7317
SMT,16762
TMT,12897
WMT,5542
YMT,7623
VMT,19891
AFT,29460
RFT,30633
NFT,26937
DFT,35027
CFT,4276
QFT,17242
EFT,31460
GFT,38503
HFT,12773
IFT,23323
LFT,33830
KFT,20375
MFT,8063
FFT,16880
PFT,23058
SFT,37401
TFT,33558
WFT,4507
YFT,17586
VFT,32903
APT,28853
RPT,21254
NPT,27826
DPT,32246
CPT,7023
QPT,19561
EPT,18154
GPT,26196
HPT,14203
IPT,30058
LPT,38506
KPT,22416
MPT,7815
FPT,16949
PPT,22114
SPT,28306
TPT,28377
WPT,5612
YPT,13524
VPT,27844
AST,52857
RST,26587
NST,27425
DST,38127
CST,6658
QST,17150
EST,31560
GST,56275
HST,13968
IST,38240
LST,56162
KST,39111
MST,13212
FST,30761
PST,28546
SST,57769
TST,41150
WST,7635
YST,26429
VST,44528
ATT,39248
RTT,24265
NTT,23054
DTT,31847
CTT,7710
QTT,16717
ETT,34341
GTT,60990
HTT,10351
ITT,38918
LTT,53018
KTT,34964
MTT,13957
FTT,25491
PTT,23816
STT,34116
TTT,50177
WTT,6974
YTT,20144
VTT,44570
AWT,9294
RWT,5834
NWT,5912
DWT,8293
CWT,1480
QWT,6169
EWT,10050
GWT,16484
HWT,3145
IWT,7303
LWT,9928
KWT,8496
MWT,2857
FWT,5003
PWT,7965
SWT,15533
TWT,9298
WWT,2912
YWT,6774
VWT,8168
AYT,25982
RYT,18598
NYT,18502
DYT,18667
CYT,4576
QYT,13756
EYT,19203
GYT,34266
HYT,10493
IYT,21604
LYT,26793
KYT,19303
MYT,6578
FYT,22436
PYT,16597
SYT,26983
TYT,25876
WYT,6596
YYT,15945
VYT,24682
AVT,65144
RVT,49537
NVT,38982
DVT,41327
CVT,7348
QVT,33069
EVT,54018
GVT,65677
HVT,20669
IVT,41584
LVT,67416
KVT,53244
MVT,19967
FVT,30556
PVT,52565
SVT,63274
TVT,65306
WVT,8753
YVT,24928
VVT,61323
AAW,17842
RAW,8364
NAW,10195
DAW,9435
CAW,2531
QAW,10191
EAW,13050
GAW,10374
HAW,4503
IAW,11968
LAW,20865
KAW,8774
MAW,4355
FAW,7567
PAW,6590
SAW,9894
TAW,10022
WAW,4195
YAW,9842
VAW,15918
ARW,7765
RRW,7923
NRW,6399
DRW,10006
CRW,1414
QRW,5300
ERW,8808
GRW,11269
HRW,3035
IRW,4608
LRW,12278
KRW,10658
MRW,2383
FRW,3491
PRW,5727
SRW,10315
TRW,6017
WRW,2320
YRW,4351
VRW,8006
ANW,7016
RNW,5335
NNW,6082
DNW,8643
CNW,724
QNW,4747
ENW,5978
GNW,9695
HNW,3481
INW,6595
LNW,12522
KNW,10566
MNW,2867
FNW,4957
PNW,4433
SNW,7750
TNW,7702
WNW,2372
YNW,4128
VNW,7997
ADW,11516
RDW,9182
NDW,6585
DDW,11910
CDW,1409
QDW,5420
EDW,9369
GDW,10261
HDW,3306
IDW,7795
LDW,11485
KDW,11919
MDW,2907
FDW,5768
PDW,6660
SDW,9118
TDW,7800
WDW,2882
YDW,4783
VDW,11162
ACW,3738
RCW,2113
NCW,1032
DCW,1331
CCW,421
QCW,1075
ECW,1771
GCW,1764
HCW,991
ICW,1825
LCW,2317
KCW,1758
MCW,652
FCW,1139
PCW,1177
SCW,2223
TCW,1190
WCW,530
YCW,675
VCW,1625
AQW,6797
RQW,5922
NQW,3655
DQW,5205
CQW,714
QQW,5845
EQW,10427
GQW,8090
HQW,2887
IQW,5654
LQW,9888
KQW,6980
MQW,2169
FQW,3629
PQW,3955
SQW,7479
TQW,5175
WQW,1922
YQW,3405
VQW,11039
AEW,11120
REW,9366
NEW,7234
DEW,10080
CEW,781
QEW,7557
EEW,11273
GEW,14307
HEW,2755
IEW,6581
LEW,22079
KEW,11086
MEW,1857
FEW,5912
PEW,12980
SEW,7361
TEW,7739
WEW,2615
YEW,4574
VEW,11784
AGW,14086
RGW,12373
NGW,8795
DGW,10226
CGW,2344
QGW,7025
EGW,10275
GGW,15298
HGW,4562
IGW,9617
LGW,15643
KGW,9203
MGW,6219
FGW,5796
PGW,9033
SGW,17460
TGW,12044
WGW,2613
YGW,6169
VGW,11162
AHW,4910
RHW,2349
NHW,2617
DHW,3222
CHW,191
QHW,2149
EHW,5417
GHW,3408
HHW,2187
IHW,4950
LHW,6941
KHW,3896
MHW,4594
FHW,3888
PHW,2883
SHW,3919
THW,6441
WHW,1332
YHW,2199
VHW,6113
AIW,8229
RIW,6987
NIW,5460
DIW,10149
CIW,517
QIW,3950
EIW,7767
GIW,8451
HIW,4327
IIW,6282
LIW,7216
KIW,13096
MIW,2515
FIW,4036
PIW,4192
SIW,6965
TIW,6097
WIW,2036
YIW,3467
VIW,9230
ALW,15540
RLW,11571
NLW,6184
DLW,11187
CLW,1731
QLW,7926
ELW,9078
GLW,14468
HLW,4606
ILW,7362
LLW,14401
KLW,14217
MLW,3027
FLW,8650
PLW,9905
SLW,15794
TLW,14974
WLW,3088
YLW,6196
VLW,11727
AKW,9789
RKW,7466
NKW,6585
DKW,10711
CKW,792
QKW,8584
EKW,10563
GKW,10609
HKW,3132
IKW,7390
LKW,11491
KKW,11154
MKW,3944
FKW,3670
PKW,5525
SKW,6257
TKW,5550
WKW,1972
YKW,3440
VKW,13777
AMW,2772
RMW,2156
NMW,4775
DMW,3833
CMW,399
QMW,4060
EMW,3488
GMW,2657
HMW,1360
IMW,1445
LMW,4143
KMW,3749
MMW,880
FMW,1522
PMW,1911
SMW,2515
TMW,3283
WMW,871
YMW,1219
VMW,2778
AFW,7737
RFW,5783
NFW,4151
DFW,8389
CFW,908
QFW,3167
EFW,7311
GFW,8197
HFW,2910
IFW,4853
LFW,7740
KFW,5353
MFW,1880
FFW,5392
PFW,3675
SFW,6431
TFW,5346
WFW,1799
YFW,2865
VFW,6351
APW,9137
RPW,6354
NPW,5227
DPW,6792
CPW,1418
QPW,4913
EPW,6789
GPW,9023
HPW,4846
IPW,6770
LPW,10129
KPW,7189
MPW,2945
FPW,4434
PPW,2752
SPW,7493
TPW,7478
WPW,1518
YPW,4646
VPW,8647
ASW,11500
RSW,8867
NSW,10102
DSW,9063
CSW,1577
QSW,5112
ESW,9984
GSW,16412
HSW,3276
ISW,9908
LSW,13981
KSW,8371
MSW,4797
FSW,6700
PSW,7534
SSW,12672
TSW,8916
WSW,2766
YSW,6980
VSW,19362
ATW,12242
RTW,7710
NTW,5945
DTW,8425
CTW,1232
QTW,4596
ETW,11098
GTW,15752
HTW,4132
ITW,6278
LTW,11594
KTW,9960
MTW,2753
FTW,7171
PTW,6094
STW,10311
TTW,7905
WTW,2028
YTW,3890
VTW,16148
AWW,2273
RWW,3156
NWW,1366
DWW,4296
CWW,771
QWW,1885
EWW,2328
GWW,3816
HWW,936
IWW,1598
LWW,2062
KWW,3648
MWW,712
FWW,1195
PWW,1939
SWW,3120
TWW,3001
WWW,965
YWW,1746
VWW,2410
AYW,6771
RYW,5647
NYW,3498
DYW,12141
CYW,833
QYW,3970
EYW,8556
GYW,7562
HYW,2064
IYW,4652
LYW,5549
KYW,6579
MYW,2199
FYW,3671
PYW,4906
SYW,6996
TYW,3174
WYW,1608
YYW,4569
VYW,4666
AVW,8950
RVW,9113
NVW,9011
DVW,13664
CVW,898
QVW,5806
EVW,10160
GVW,11856
HVW,4265
IVW,5613
LVW,11679
KVW,9552
MVW,4893
FVW,4911
PVW,8355
SVW,10241
TVW,10507
WVW,2215
YVW,5046
VVW,9801
AAY,43188
RAY,22695
NAY,18919
DAY,24399
CAY,5254
QAY,15520
EAY,30716
GAY,25287
HAY,9078
IAY,28435
LAY,35182
KAY,25736
MAY,13546
FAY,14655
PAY,18480
SAY,27473
TAY,25572
WAY,4041
YAY,16809
VAY,30210
ARY,24921
RRY,22382
NRY,13457
DRY,21336
CRY,2951
QRY,15164
ERY,26758
GRY,24724
HRY,10484
IRY,18687
LRY,28440
KRY,19837
MRY,6577
FRY,12715
PRY,13891
SRY,23706
TRY,17105
WRY,3649
YRY,13604
VRY,18706
ANY,18065
RNY,13734
NNY,15744
DNY,14630
CNY,2438
QNY,11885
ENY,21732
GNY,26923
HNY,5567
INY,18309
LNY,22150
KNY,20081
MNY,7604
FNY,11212
PNY,15530
SNY,22350
TNY,16102
WNY,4288
YNY,20836
VNY,20986
ADY,39473
RDY,19282
NDY,14015
DDY,22345
CDY,4120
QDY,11144
EDY,23572
GDY,26787
HDY,7414
IDY,24850
LDY,32941
KDY,31077
MDY,10217
FDY,17770
PDY,23556
SDY,28058
TDY,25078
WDY,6412
YDY,17655
VDY,25500
ACY,7671
RCY,2583
NCY,4764
DCY,3466
CCY,1185
QCY,1546
ECY,4660
GCY,4053
HCY,1610
ICY,4774
LCY,7475
KCY,3062
MCY,1340
FCY,6405
PCY,3874
SCY,4045
TCY,3583
WCY,881
YCY,2172
VCY,3978
AQY,20779
RQY,13834
NQY,11831
DQY,14032
CQY,2765
QQY,16746
EQY,17876
GQY,17387
HQY,6473
IQY,12059
LQY,27126
KQY,16187
MQY,4128
FQY,8481
PQY,9285
SQY,16715
TQY,13739
WQY,2758
YQY,9174
VQY,15833
AEY,30769
REY,20089
NEY,19434
DEY,26805
CEY,3829
QEY,16196
EEY,31635
GEY,27700
HEY,8409
IEY,18715
LEY,31051
KEY,28653
MEY,9039
FEY,17249
PEY,23288
SEY,25066
TEY,21277
WEY,4456
YEY,9924
VEY,30108
AGY,40713
RGY,31026
NGY,21911
DGY,27306
CGY,5441
QGY,17213
EGY,31767
GGY,37510
HGY,11204
IGY,26231
LGY,34996
KGY,35374
MGY,9471
FGY,17757
PGY,19119
SGY,37826
TGY,29033
WGY,7514
YGY,20039
VGY,35524
AHY,10963
RHY,8642
NHY,7007
DHY,11788
CHY,1759
QHY,7853
EHY,10081
GHY,11229
HHY,5038
IHY,8993
LHY,14280
KHY,8308
MHY,3176
FHY,7228
PHY,5340
SHY,8945
THY,10038
WHY,2018
YHY,5234
VHY,8801
AIY,27519
RIY,21213
NIY,15209
DIY,25157
CIY,4216
QIY,16312
EIY,27416
GIY,28893
HIY,10224
IIY,18819
LIY,34602
KIY,26658
MIY,6088
FIY,12440
PIY,15911
SIY,24967
TIY,18473
WIY,4822
YIY,12074
VIY,20881
ALY,45646
RLY,31274
NLY,30094
DLY,35452
CLY,5323
QLY,21482
ELY,39244
GLY,37160
HLY,13800
ILY,23706
LLY,41627
KLY,34938
MLY,10013
FLY,17835
PLY,22359
SLY,39695
TLY,32062
WLY,9090
YLY,21628
VLY,39945
AKY,31962
RKY,21143
NKY,19224
DKY,21137
CKY,3959
QKY,14838
EKY,32326
GKY,35791
HKY,7230
IKY,18504
LKY,37592
KKY,32664
MKY,13824
FKY,13031
PKY,16619
SKY,24328
TKY,18715
WKY,3498
YKY,11860
VKY,22211
AMY,12106
RMY,7898
NMY,5571
DMY,6826
CMY,2654
QMY,5524
EMY,8554
GMY,7135
HMY,3431
IMY,5588
LMY,10905
KMY,5842
MMY,2974
FMY,4148
PMY,4928
SMY,5926
TMY,10294
WMY,1463
YMY,5022
VMY,6713
AFY,20130
RFY,16736
NFY,21832
DFY,17730
CFY,2588
QFY,9834
EFY,19066
GFY,24171
HFY,6886
IFY,12136
LFY,20289
KFY,13762
MFY,3601
FFY,10983
PFY,12899
SFY,21638
TFY,17431
WFY,2504
YFY,10604
VFY,15881
APY,17184
RPY,13423
NPY,16040
DPY,15051
CPY,3110
QPY,12297
EPY,16856
GPY,14751
HPY,7902
IPY,16573
LPY,24831
KPY,18083
MPY,7065
FPY,10733
PPY,11076
SPY,21370
TPY,16558
WPY,2190
YPY,9583
VPY,23309
ASY,29682
RSY,21081
NSY,21266
DSY,23983
CSY,3486
QSY,17147
ESY,21679
GSY,31560
HSY,10569
ISY,20879
LSY,31296
KSY,23986
MSY,8492
FSY,19440
PSY,17885
SSY,33937
TSY,20693
WSY,7007
YSY,15072
VSY,28296
ATY,31393
RTY,15659
NTY,15998
DTY,19680
CTY,3109
QTY,19904
ETY,20055
GTY,31795
HTY,5725
ITY,21266
LTY,27605
KTY,24286
MTY,8494
FTY,14995
PTY,17041
STY,29812
TTY,20382
WTY,10358
YTY,11914
VTY,26366
AWY,8966
RWY,6978
NWY,5968
DWY,4708
CWY,1507
QWY,3740
EWY,6769
GWY,9328
HWY,6598
IWY,3649
LWY,7728
KWY,6415
MWY,1658
FWY,5170
PWY,3544
SWY,8261
TWY,6484
WWY,2287
YWY,3862
VWY,3241
AYY,17307
RYY,15717
NYY,13898
DYY,17573
CYY,2147
QYY,11523
EYY,14592
GYY,22758
HYY,6090
IYY,15618
LYY,23592
KYY,15167
MYY,4325
FYY,8504
PYY,11117
SYY,16258
TYY,20587
WYY,3326
YYY,10790
VYY,33124
AVY,42226
RVY,28841
NVY,22443
DVY,26672
CVY,4073
QVY,20246
EVY,26630
GVY,41296
HVY,7497
IVY,19333
LVY,29425
KVY,30941
MVY,7649
FVY,14198
PVY,20559
SVY,28249
TVY,28734
WVY,4710
YVY,15156
VVY,28574
AAV,104674
RAV,57354
NAV,38611
DAV,75640
CAV,10439
QAV,45155
EAV,85216
GAV,70411
HAV,25396
IAV,61420
LAV,86806
KAV,64457
MAV,21890
FAV,35732
PAV,50220
SAV,55256
TAV,67590
WAV,9562
YAV,25739
VAV,80829
ARV,56490
RRV,38125
NRV,27051
DRV,48738
CRV,7864
QRV,24623
ERV,53341
GRV,59872
HRV,15167
IRV,32294
LRV,59096
KRV,44180
MRV,13849
FRV,30054
PRV,23213
SRV,38657
TRV,31470
WRV,7906
YRV,26537
VRV,47168
ANV,36877
RNV,25194
NNV,24078
DNV,28915
CNV,5940
QNV,20889
ENV,40776
GNV,44112
HNV,13795
INV,31160
LNV,42818
KNV,34277
MNV,11066
FNV,22337
PNV,23665
SNV,32232
TNV,35051
WNV,7172
YNV,19542
VNV,39548
ADV,59165
RDV,35674
NDV,25012
DDV,45412
CDV,9908
QDV,29247
EDV,54391
GDV,63465
HDV,14215
IDV,40347
LDV,61635
KDV,41607
MDV,18807
FDV,33851
PDV,33964
SDV,41524
TDV,35247
WDV,10074
YDV,26429
VDV,54590
ACV,11118
RCV,8181
NCV,8715
DCV,11321
CCV,2017
QCV,4834
ECV,8382
GCV,9513
HCV,2833
ICV,5652
LCV,14022
KCV,7644
MCV,2423
FCV,5309
PCV,5882
SCV,8730
TCV,6498
WCV,2027
YCV,6701
VCV,12456
AQV,38977
RQV,24214
NQV,22847
DQV,28507
CQV,5120
QQV,21415
EQV,40896
GQV,38647
HQV,10568
IQV,25823
LQV,37073
KQV,29181
MQV,8681
FQV,21649
PQV,24223
SQV,29142
TQV,24153
WQV,6501
YQV,16479
VQV,33422
AEV,70302
REV,45324
NEV,33112
DEV,57537
CEV,9260
QEV,34470
EEV,78469
GEV,67876
HEV,17543
IEV,41840
LEV,68091
KEV,55575
MEV,15669
FEV,27762
PEV,45368
SEV,43532
TEV,39191
WEV,11032
YEV,25935
VEV,57451
AGV,86668
RGV,45657
NGV,53571
DGV,68874
CGV,11186
QGV,36419
EGV,58993
GGV,81588
HGV,25083
IGV,46288
LGV,81438
KGV,45998
MGV,18984
FGV,42511
PGV,46808
SGV,77849
TGV,55332
WGV,10165
YGV,40528
VGV,58080
AHV,19057
RHV,19024
NHV,10974
DHV,20070
CHV,3780
QHV,9323
EHV,17736
GHV,19016
HHV,6315
IHV,16427
LHV,25209
KHV,15238
MHV,4538
FHV,12267
PHV,13542
SHV,15122
THV,16924
WHV,3701
YHV,10106
VHV,19152
AIV,49717
RIV,40195
NIV,33616
DIV,54203
CIV,9132
QIV,28405
EIV,54013
GIV,61755
HIV,15036
IIV,36619
LIV,55630
KIV,49025
MIV,12049
FIV,20425
PIV,32170
SIV,46623
TIV,36220
WIV,8944
YIV,18689
VIV,48024
ALV,88888
RLV,61681
NLV,54220
DLV,73842
CLV,12545
QLV,55864
ELV,79392
GLV,81165
HLV,34848
ILV,52938
LLV,86459
KLV,72635
MLV,19625
FLV,43399
PLV,53111
SLV,63933
TLV,73219
WLV,13919
YLV,35722
VLV,86003
AKV,53166
RKV,37955
NKV,32238
DKV,47515
CKV,7357
QKV,33954
EKV,66141
GKV,69891
HKV,17160
IKV,45563
LKV,61957
KKV,61257
MKV,15312
FKV,27568
PKV,28949
SKV,42806
TKV,45758
WKV,13071
YKV,25109
VKV,58435
AMV,21958
RMV,14023
NMV,13846
DMV,15810
CMV,5781
QMV,13382
EMV,21228
GMV,24749
HMV,7358
IMV,13088
LMV,22444
KMV,16169
MMV,6596
FMV,10239
PMV,12307
SMV,17789
TMV,12267
WMV,3546
YMV,8299
VMV,18607
AFV,38891
RFV,25709
NFV,20204
DFV,32508
CFV,6056
QFV,19370
EFV,40621
GFV,35590
HFV,14305
IFV,27888
LFV,37619
KFV,25251
MFV,8695
FFV,17441
PFV,27018
SFV,36111
TFV,28332
WFV,8196
YFV,17374
VFV,36542
APV,38561
RPV,29974
NPV,25091
DPV,35945
CPV,8370
QPV,21074
EPV,42338
GPV,40672
HPV,15564
IPV,41982
LPV,59242
KPV,42011
MPV,11998
FPV,22265
PPV,21668
SPV,35937
TPV,41952
WPV,7263
YPV,17209
VPV,53051
ASV,73530
RSV,34600
NSV,34326
DSV,47085
CSV,9776
QSV,26982
ESV,46025
GSV,65699
HSV,15511
ISV,44965
LSV,70368
KSV,38866
MSV,15342
FSV,37392
PSV,47205
SSV,66222
TSV,44182
WSV,9289
YSV,30205
VSV,58626
ATV,61744
RTV,37923
NTV,38547
DTV,50967
CTV,9399
QTV,28187
ETV,48358
GTV,66036
HTV,18354
ITV,47140
LTV,76251
KTV,49429
MTV,15623
FTV,34533
PTV,36553
STV,42392
TTV,42944
WTV,11775
YTV,20575
VTV,99768
AWV,13187
RWV,8377
NWV,10527
DWV,11512
CWV,1548
QWV,7752
EWV,16191
GWV,12235
HWV,7896
IWV,6030
LWV,11151
KWV,8621
MWV,1891
FWV,4332
PWV,6632
SWV,13333
TWV,9257
WWV,2800
YWV,4280
VWV,9025
AYV,28116
RYV,21644
NYV,19293
DYV,30685
CYV,5082
QYV,19121
EYV,29476
GYV,36017
HYV,8503
IYV,18471
LYV,26876
KYV,25655
MYV,8291
FYV,14429
PYV,21349
SYV,27281
TYV,24146
WYV,6398
YYV,17652
VYV,24518
AVV,77795
RVV,57976
NVV,41911
DVV,77613
CVV,11496
QVV,36939
EVV,64913
GVV,80522
HVV,22342
IVV,41223
LVV,74166
KVV,60845
MVV,16750
FVV,31758
PVV,46105
SVV,65039
TVV,55337
WVV,8398
YVV,25990
VVV,76947
